bit,bit_index,substructure,frequency_if_0_percent,frequency_if_1_percent,shift_percentage_points,count0,count1
bit_86,86,ether,14.373630958589755,3.316513986185274,-11.057116972404481,9587,20413
bit_86,86,amine,94.45081881714822,66.71238916376818,-27.738429653380038,9587,20413
bit_86,86,amide,93.99186398247626,30.887179738401997,-63.104684244074264,9587,20413
bit_86,86,halogen,25.38854699071659,17.33209229412629,-8.0564546965903,9587,20413
bit_86,86,sulfur,1.6272035047460103,6.348895311811101,4.721691807065091,9587,20413
bit_86,86,aromatic_ring,11.296547407948264,24.009209817273305,12.712662409325041,9587,20413
bit_86,86,hetero_aromatic,15.614895170543445,14.975750747072944,-0.6391444234705013,9587,20413
bit_86,86,carbonyl,97.92427245227913,54.69063831871846,-43.23363413356066,9587,20413
bit_67,67,ether,3.0955731139733738,12.871029335184863,9.775456221211488,18478,11522
bit_67,67,amine,65.31009849550817,92.04131227217496,26.73121377666679,18478,11522
bit_67,67,amide,25.798246563480898,91.55528554070473,65.75703897722383,18478,11522
bit_67,67,halogen,19.320272756791862,20.847075160562405,1.5268024037705423,18478,11522
bit_67,67,sulfur,6.775625067648014,1.7358097552508243,-5.03981531239719,18478,11522
bit_67,67,aromatic_ring,25.327416387054875,11.317479604235375,-14.0099367828195,18478,11522
bit_67,67,hetero_aromatic,16.278818053901936,13.417809408088873,-2.8610086458130635,18478,11522
bit_67,67,carbonyl,49.62658296352419,98.78493317132441,49.15835020780022,18478,11522
bit_36,36,ether,2.4529780564263324,10.104408352668214,7.651430296241882,12760,17240
bit_36,36,amine,64.46708463949842,83.79930394431555,19.33221930481713,12760,17240
bit_36,36,amide,29.427899686520377,67.05916473317866,37.631265046658285,12760,17240
bit_36,36,halogen,22.68025078369906,17.853828306264504,-4.826422477434555,12760,17240
bit_36,36,sulfur,7.7507836990595615,2.685614849187935,-5.065168849871627,12760,17240
bit_36,36,aromatic_ring,22.48432601880878,18.06844547563805,-4.415880543170729,12760,17240
bit_36,36,hetero_aromatic,15.705329153605016,14.791183294663574,-0.914145858941442,12760,17240
bit_36,36,carbonyl,49.14576802507837,82.83642691415312,33.690658889074754,12760,17240
bit_120,120,ether,3.253734183236609,15.270661617286702,12.016927434050093,21022,8978
bit_120,120,amine,67.64342117781372,94.15237246602807,26.508951288214348,21022,8978
bit_120,120,amide,32.63248025877652,94.18578748050791,61.553307221731394,21022,8978
bit_120,120,halogen,22.100656455142232,14.769436400089106,-7.331220055053127,21022,8978
bit_120,120,sulfur,6.212539244600894,1.6261973713521942,-4.586341873248699,21022,8978
bit_120,120,aromatic_ring,24.664637046903245,8.899532189797283,-15.765104857105962,21022,8978
bit_120,120,hetero_aromatic,16.33051089334982,12.486077077300067,-3.8444338160497544,21022,8978
bit_120,120,carbonyl,55.67500713538198,98.55201603920695,42.877008903824965,21022,8978
bit_77,77,ether,6.4087267768876774,26.31578947368421,19.90706269679653,29335,665
bit_77,77,amine,75.46616669507415,80.45112781954887,4.984961124474722,29335,665
bit_77,77,amide,50.08692687915459,93.6842105263158,43.597283647161206,29335,665
bit_77,77,halogen,18.575080961309016,78.64661654135338,60.07153558004437,29335,665
bit_77,77,sulfur,4.915629793761718,1.5037593984962405,-3.411870395265477,29335,665
bit_77,77,aromatic_ring,20.32384523606613,3.308270676691729,-17.0155745593744,29335,665
bit_77,77,hetero_aromatic,14.780978353502642,32.78195488721805,18.00097653371541,29335,665
bit_77,77,carbonyl,67.8711436850179,96.54135338345866,28.670209698440758,29335,665
bit_33,33,ether,4.534266805228901,10.463429205428012,5.929162400199111,18283,11717
bit_33,33,amine,66.05042936060822,90.44123922505761,24.390809864449395,18283,11717
bit_33,33,amide,32.83378001422086,79.48280276521294,46.64902275099208,18283,11717
bit_33,33,halogen,17.426024175463546,23.7774174276692,6.3513932522056535,18283,11717
bit_33,33,sulfur,6.125909314663895,2.8334898011436374,-3.2924195135202576,18283,11717
bit_33,33,aromatic_ring,21.424273915659356,17.641034394469575,-3.783239521189781,18283,11717
bit_33,33,hetero_aromatic,14.499808565333916,16.241358709567297,1.741550144233381,18283,11717
bit_33,33,carbonyl,57.774982223923864,85.25219766151744,27.47721543759358,18283,11717
bit_58,58,ether,4.186245194361384,10.056563578931902,5.870318384570518,16387,13613
bit_58,58,amine,66.32696649783365,86.71123191067363,20.38426541283998,16387,13613
bit_58,58,amide,28.21138707512052,78.54991552192757,50.338528446807054,16387,13613
bit_58,58,halogen,11.020931225971808,30.603099977962238,19.58216875199043,16387,13613
bit_58,58,sulfur,4.772075425642278,4.92176595900977,0.14969053336749205,16387,13613
bit_58,58,aromatic_ring,20.711539635076583,19.025931095276576,-1.6856085398000076,16387,13613
bit_58,58,hetero_aromatic,14.743394153902484,15.705575552780429,0.9621813988779451,16387,13613
bit_58,58,carbonyl,54.53713309330567,85.32285315507235,30.785720061766682,16387,13613
bit_51,51,ether,15.081135902636916,2.82025819265144,-12.260877709985476,9860,20140
bit_51,51,amine,92.02839756592293,67.52234359483614,-24.506053971086786,9860,20140
bit_51,51,amide,89.8580121703854,32.05561072492552,-57.80240144545987,9860,20140
bit_51,51,halogen,14.88843813387424,22.363455809334656,7.475017675460416,9860,20140
bit_51,51,sulfur,1.9168356997971603,6.271102284011916,4.354266584214756,9860,20140
bit_51,51,aromatic_ring,9.482758620689655,25.0695134061569,15.586754785467246,9860,20140
bit_51,51,hetero_aromatic,11.967545638945234,16.752730883813307,4.785185244868073,9860,20140
bit_51,51,carbonyl,96.83569979716025,54.63753723932473,-42.198162557835516,9860,20140
bit_47,47,ether,2.4939547674363474,17.162420024694132,14.668465257257784,21091,8909
bit_47,47,amine,71.1583139727846,86.0365922101246,14.878278237339998,21091,8909
bit_47,47,amide,38.101559907069365,81.71511954203613,43.61355963496677,21091,8909
bit_47,47,halogen,18.965435493812528,22.13491974407902,3.1694842502664926,21091,8909
bit_47,47,sulfur,6.562040680859134,0.7632730946234145,-5.798767586235719,21091,8909
bit_47,47,aromatic_ring,25.878336731307193,5.904141878998765,-19.97419485230843,21091,8909
bit_47,47,hetero_aromatic,15.997344839030866,13.245033112582782,-2.7523117264480845,21091,8909
bit_47,47,carbonyl,57.27087383244037,95.10607251094399,37.835198678503616,21091,8909
bit_23,23,ether,19.06059634498237,3.644474370844205,-15.416121974138164,6238,23762
bit_23,23,amine,91.391471625521,71.42496422860029,-19.96650739692072,6238,23762
bit_23,23,amide,88.65020840012825,41.18340207053278,-47.46680632959547,6238,23762
bit_23,23,halogen,14.107085604360373,21.42917262856662,7.322087024206246,6238,23762
bit_23,23,sulfur,1.074062199422892,5.828633953370929,4.754571753948037,6238,23762
bit_23,23,aromatic_ring,1.907662712407823,24.682265802541874,22.77460309013405,6238,23762
bit_23,23,hetero_aromatic,11.542160949022122,16.135005470919957,4.592844521897835,6238,23762
bit_23,23,carbonyl,97.86790638025008,60.79875431360997,-37.06915206664011,6238,23762
bit_12,12,ether,3.600837404047453,15.06172839506173,11.460890991014276,21495,8505
bit_12,12,amine,70.3372877413352,88.8183421516755,18.481054410340292,21495,8505
bit_12,12,amide,37.450569899976735,85.4320987654321,47.98152886545537,21495,8505
bit_12,12,halogen,24.83833449639451,7.442680776014108,-17.395653720380402,21495,8505
bit_12,12,sulfur,6.489881367759945,0.6701940035273368,-5.819687364232608,21495,8505
bit_12,12,aromatic_ring,25.340776924866248,6.313932980599647,-19.026843944266602,21495,8505
bit_12,12,hetero_aromatic,17.84601070016283,8.442092886537331,-9.403917813625498,21495,8505
bit_12,12,carbonyl,56.68294952314492,98.38918283362727,41.706233310482354,21495,8505
bit_124,124,ether,15.979745642958079,3.245304072903106,-12.734441570054972,8492,21508
bit_124,124,amine,88.09467734338202,70.63418262971918,-17.46049471366284,8492,21508
bit_124,124,amide,82.86622703721149,38.49265389622466,-44.37357314098683,8492,21508
bit_124,124,halogen,30.087140838436177,15.88711177236377,-14.200029066072407,8492,21508
bit_124,124,sulfur,1.4013188883655205,6.197693881346476,4.796374992980955,8492,21508
bit_124,124,aromatic_ring,10.645313235986812,23.619118467546958,12.973805231560146,8492,21508
bit_124,124,hetero_aromatic,16.274140367404616,14.748000743909243,-1.5261396234953732,8492,21508
bit_124,124,carbonyl,93.40555817239755,58.67584154733123,-34.72971662506632,8492,21508
bit_31,31,ether,9.962807628392815,4.584461210620285,-5.37834641777253,12637,17363
bit_31,31,amine,86.31795521088867,67.75902781777343,-18.55892739311524,12637,17363
bit_31,31,amide,64.73055313761178,41.09888844093763,-23.63166469667415,12637,17363
bit_31,31,halogen,29.255361240800827,13.102574439900938,-16.15278680089989,12637,17363
bit_31,31,sulfur,4.035767982907336,5.425329724126015,1.389561741218679,12637,17363
bit_31,31,aromatic_ring,26.984252591596107,14.824627080573633,-12.159625511022474,12637,17363
bit_31,31,hetero_aromatic,22.434122022631954,9.900362840522952,-12.533759182109002,12637,17363
bit_31,31,carbonyl,70.34897523146316,67.16581235961527,-3.183162871847884,12637,17363
bit_84,84,ether,25.995365493996207,3.2510988793410682,-22.74426661465514,4747,25253
bit_84,84,amine,91.5314935748894,72.5775155427078,-18.953978032181595,4747,25253
bit_84,84,amide,91.6157573204129,43.42850354413337,-48.187253776279526,4747,25253
bit_84,84,halogen,21.402991362966084,19.6253910426484,-1.777600320317685,4747,25253
bit_84,84,sulfur,0.25279123657046554,5.702292796895418,5.449501560324952,4747,25253
bit_84,84,aromatic_ring,1.5799452285654096,23.399200095038214,21.819254866472804,4747,25253
bit_84,84,hetero_aromatic,16.43143037708026,14.944759038530076,-1.4866713385501846,4747,25253
bit_84,84,carbonyl,98.12513166210238,62.93905674573318,-35.18607491636919,4747,25253
bit_56,56,ether,2.6995209872533894,25.903838986209465,23.204317998956075,24634,5366
bit_56,56,amine,72.24973613704636,90.84979500559076,18.60005886854441,24634,5366
bit_56,56,amide,43.24510838678249,86.89899366380916,43.653885277026674,24634,5366
bit_56,56,halogen,20.991312819680115,14.927320163995528,-6.0639926556845865,24634,5366
bit_56,56,sulfur,5.809044410164812,0.39135296310100637,-5.417691447063806,24634,5366
bit_56,56,aromatic_ring,23.232118210603232,4.863958255683936,-18.368159954919296,24634,5366
bit_56,56,hetero_aromatic,15.62068685556548,13.15691390234812,-2.4637729532173616,24634,5366
bit_56,56,carbonyl,62.71819436551108,95.08013417815879,32.361939812647705,24634,5366
bit_3,3,ether,12.672768023907361,3.618080033174373,-9.054687990732988,10708,19292
bit_3,3,amine,93.02390735898393,65.89259796806967,-27.131309390914268,10708,19292
bit_3,3,amide,84.89914082928651,32.267261040845945,-52.631879788440564,10708,19292
bit_3,3,halogen,30.229734777736272,14.176860874974082,-16.05287390276219,10708,19292
bit_3,3,sulfur,3.735524841240194,5.453037528509227,1.717512687269033,10708,19292
bit_3,3,aromatic_ring,14.914082928651476,22.7399958532034,7.825912924551924,10708,19292
bit_3,3,hetero_aromatic,15.894658199477027,14.783329877669502,-1.111328321807525,10708,19292
bit_3,3,carbonyl,89.42846469929026,56.89404934687954,-32.53441535241072,10708,19292
