bit,bit_index,property,count0,count1,mean_if_0,mean_if_1,shift_1_minus_0,relative_shift_percent
bit_86,86,qed,9587,20413,0.6949430204711543,0.6004071982428861,-0.09453582222826817,-13.603391852784593
bit_86,86,sa,9587,20413,4.773528995791427,4.442629679595917,-0.3308993161955103,-6.93196409799222
bit_86,86,logp,9587,20413,3.281936028997603,4.24118336305296,0.9592473340553567,29.228093588050168
bit_86,86,mw,9587,20413,310.47044594073003,297.7676150899419,-12.702830850788132,-4.091478276554912
bit_86,86,tpsa,9587,20413,50.84105976843642,33.16095674325185,-17.68010302518457,-34.77524486254097
bit_86,86,nrb,9587,20413,4.30781266298112,5.042619899083917,0.7348072361027969,17.057548542379994
bit_86,86,hbd,9587,20413,1.362157087722958,0.6865722823690785,-0.6755848053538795,-49.59668832933336
bit_86,86,hba,9587,20413,2.3660164806508814,2.2275020820065645,-0.13851439864431692,-5.854329408821877
bit_86,86,ro5,9587,20413,1.0,1.0,0.0,0.0
bit_86,86,official_property_contribution,9587,20413,0.6297751596296618,0.5567049796279333,-0.07307018000172849,-11.602582109573405
bit_67,67,qed,18478,11522,0.5952492452305559,0.6873385976062123,0.09208935237565641,15.470721401752932
bit_67,67,sa,18478,11522,4.426181084048794,4.744336752403247,0.31815566835445264,7.188040035258197
bit_67,67,logp,18478,11522,4.295236072626912,3.356346515361918,-0.9388895572649938,-21.858858078801262
bit_67,67,mw,18478,11522,294.82409908735474,313.0576973727323,18.23359828537758,6.184568473819051
bit_67,67,tpsa,18478,11522,31.39469423097738,50.704451484117335,19.309757253139956,61.50643516727382
bit_67,67,nrb,18478,11522,4.894685572031605,4.668460336747093,-0.22622523528451222,-4.621854293913601
bit_67,67,hbd,18478,11522,0.6673882454811126,1.2794653705953827,0.61207712511427,91.71230228561046
bit_67,67,hba,18478,11522,2.2017534365191036,2.384047908349245,0.18229447183014136,8.279513446262296
bit_67,67,ro5,18478,11522,1.0,1.0,0.0,0.0
bit_67,67,official_property_contribution,18478,11522,0.552143186890061,0.6248195970456536,0.07267641015559256,13.162601999119369
bit_36,36,qed,12760,17240,0.5754248730874305,0.6714680681202655,0.09604319503283498,16.69083133607297
bit_36,36,sa,12760,17240,4.39862606267041,4.659208443884536,0.26058238121412547,5.924176720217169
bit_36,36,logp,12760,17240,4.445285197492167,3.556691274941998,-0.8885939225501689,-19.9895818394616
bit_36,36,mw,12760,17240,294.8964335998037,306.95661249021276,12.060178890409077,4.089631991540337
bit_36,36,tpsa,12760,17240,30.021057993730405,45.3166560324826,15.295598038752193,50.949563609472136
bit_36,36,nrb,12760,17240,4.87782131661442,4.755974477958237,-0.12184683865618329,-2.497976673338955
bit_36,36,hbd,12760,17240,0.6173981191222571,1.1134570765661254,0.4960589574438683,80.34669074617618
bit_36,36,hba,12760,17240,2.0907523510971786,2.405742459396752,0.3149901082995732,15.065873685818104
bit_36,36,ro5,12760,17240,1.0,1.0,0.0,0.0
bit_36,36,official_property_contribution,12760,17240,0.5412361678954124,0.6087876857406674,0.06755151784525504,12.480968910102213
bit_120,120,qed,21022,8978,0.6030207396870203,0.6952360086086486,0.09221526892162835,15.292221784857665
bit_120,120,sa,21022,8978,4.43511876223724,4.813561540709802,0.3784427784725626,8.532866846651519
bit_120,120,logp,21022,8978,4.096458904481023,3.555740433281357,-0.5407184711996655,-13.19965569795381
bit_120,120,mw,21022,8978,292.46469909508846,323.7488959331492,31.284196838060723,10.696742866697
bit_120,120,tpsa,21022,8978,33.93181095994672,50.23538872800178,16.303577768055057,48.048062590292865
bit_120,120,nrb,21022,8978,4.835743506802397,4.7423702383604365,-0.09337326844196081,-1.9308978714568599
bit_120,120,hbd,21022,8978,0.7753781752449814,1.2000445533526398,0.4246663781076584,54.768936199872364
bit_120,120,hba,21022,8978,2.2253353629530968,2.3804856315437735,0.1551502685906767,6.971994925959697
bit_120,120,ro5,21022,8978,1.0,1.0,0.0,0.0
bit_120,120,official_property_contribution,21022,8978,0.5604440025832345,0.6259767634450673,0.0655327608618328,11.693007786643268
bit_77,77,qed,29335,665,0.6303282536254271,0.6433857968226908,0.01305754319726371,2.0715465508901594
bit_77,77,sa,29335,665,4.554176331554884,4.292420219671134,-0.26175611188375036,-5.747605995624279
bit_77,77,logp,29335,665,3.9735243497528585,2.2193381954887226,-1.754186154264136,-44.14685804991333
bit_77,77,mw,29335,665,302.40027419956186,276.5390201813757,-25.861254018186173,-8.551994235666484
bit_77,77,tpsa,29335,665,38.404004431566385,56.76147368421052,18.357469252644137,47.8009247326175
bit_77,77,nrb,29335,665,4.826384864496336,3.98796992481203,-0.8384149396843057,-17.37148949417236
bit_77,77,hbd,29335,665,0.8821544230441453,1.7984962406015037,0.9163418175573584,103.87544330336623
bit_77,77,hba,29335,665,2.2649394920743138,2.5729323308270677,0.30799283875275396,13.598281094506545
bit_77,77,ro5,29335,665,1.0,1.0,0.0,0.0
bit_77,77,official_property_contribution,29335,665,0.578606855650555,0.6439715699331381,0.06536471428258306,11.296913205269652
bit_33,33,qed,18283,11717,0.596231208288092,0.6842737640913038,0.08804255580321185,14.766512483638849
bit_33,33,sa,18283,11717,4.468978699903936,4.672261206955721,0.2032825070517852,4.548746384854216
bit_33,33,logp,18283,11717,4.305931466936501,3.355283066484597,-0.9506484004519042,-22.077648187193578
bit_33,33,mw,18283,11717,300.4880573312222,303.9163045043977,3.428247173175521,1.1408929871035207
bit_33,33,tpsa,18283,11717,33.03562817918285,47.822604762311165,14.786976583128315,44.760694432461904
bit_33,33,nrb,18283,11717,5.041185801017338,4.443628915251344,-0.5975568857659939,-11.853498548801825
bit_33,33,hbd,18283,11717,0.6674506372039599,1.2691815311086456,0.6017308939046857,90.15361741587617
bit_33,33,hba,18283,11717,2.2002406607230762,2.383374583937868,0.18313392321479194,8.32335873452169
bit_33,33,ro5,18283,11717,1.0,1.0,0.0,0.0
bit_33,33,official_property_contribution,18283,11717,0.5551454525487213,0.6189253986145172,0.06377994606579596,11.48887120897355
bit_58,58,qed,16387,13613,0.5935918013213445,0.675188571713518,0.0815967703921735,13.746276517050578
bit_58,58,sa,16387,13613,4.454860715096315,4.660943186216155,0.20608247111984035,4.626013792563318
bit_58,58,logp,16387,13613,4.315638777079396,3.4760026489385165,-0.8396361281408797,-19.455662800145255
bit_58,58,mw,16387,13613,299.79258911258546,304.2760107453775,4.483421632792044,1.4955078262819632
bit_58,58,tpsa,16387,13613,32.76904009275646,46.08400719900096,13.314967106244495,40.63276516051425
bit_58,58,nrb,16387,13613,5.073106730945262,4.488430177036656,-0.5846765539086061,-11.525019774217611
bit_58,58,hbd,16387,13613,0.6680905595899188,1.1846029530595754,0.5165123934696566,77.31173357496587
bit_58,58,hba,16387,13613,2.21651308964423,2.3382795856901493,0.12176649604591905,5.493605998305367
bit_58,58,ro5,16387,13613,1.0,1.0,0.0,0.0
bit_58,58,official_property_contribution,16387,13613,0.551727286771811,0.6141569203103577,0.06242963353854669,11.315306499308049
bit_51,51,qed,9860,20140,0.6914896812482608,0.6008164159821817,-0.0906732652660791,-13.112743071219496
bit_51,51,sa,9860,20140,4.78008872110411,4.4349328372471355,-0.3451558838569744,-7.220700367612631
bit_51,51,logp,9860,20140,3.5644336602434104,4.115882860476666,0.5514492002332556,15.470878484398497
bit_51,51,mw,9860,20140,319.083268123563,293.378821666655,-25.704446456907988,-8.055717433279549
bit_51,51,tpsa,9860,20140,48.60242900608519,34.01727408142999,-14.5851549246552,-30.009106999218265
bit_51,51,nrb,9860,20140,4.707505070993915,4.856901688182721,0.14939661718880615,3.173583776029017
bit_51,51,hbd,9860,20140,1.138235294117647,0.7870407149950348,-0.3511945791226122,-30.854304108963348
bit_51,51,hba,9860,20140,2.360344827586207,2.2284011916583912,-0.13194363592781588,-5.5900152547942445
bit_51,51,ro5,9860,20140,1.0,1.0,0.0,0.0
bit_51,51,official_property_contribution,9860,20140,0.6217817805999813,0.5596278474577334,-0.06215393314224793,-9.99610073525686
bit_47,47,qed,21091,8909,0.6079848438553442,0.6841982863661382,0.07621344251079398,12.535418157385381
bit_47,47,sa,21091,8909,4.452909278382414,4.774375636084895,0.321466357702481,7.219243366648118
bit_47,47,logp,21091,8909,4.212913779811297,3.275859487035584,-0.9370542927757128,-22.24242749201682
bit_47,47,mw,21091,8909,298.72470469442146,309.17137112523517,10.446666430813707,3.497088210866275
bit_47,47,tpsa,21091,8909,33.94035655018729,50.34142889213155,16.401072341944264,48.32321757637446
bit_47,47,nrb,21091,8909,4.848987719880518,4.710292962173083,-0.13869475770743467,-2.8602827171286833
bit_47,47,hbd,21091,8909,0.7799535346830402,1.1925019643057582,0.412548429622718,52.89397525332975
bit_47,47,hba,21091,8909,2.1717320183964723,2.5085868223145136,0.33685480391804123,15.510882607273183
bit_47,47,ro5,21091,8909,1.0,1.0,0.0,0.0
bit_47,47,official_property_contribution,21091,8909,0.5618486336973302,0.6231590157373642,0.06131038204003403,10.912259701794015
bit_23,23,qed,6238,23762,0.7030851761021505,0.6115935336446333,-0.09149164245751717,-13.012881734292808
bit_23,23,sa,6238,23762,4.893771201929611,4.457700419771354,-0.43607078215825723,-8.910730889632005
bit_23,23,logp,6238,23762,3.512595490541843,4.0454349814830435,0.5328394909412006,15.16939517732531
bit_23,23,mw,6238,23762,319.60286232891514,297.16050150900554,-22.442360819909595,-7.021952386901131
bit_23,23,tpsa,6238,23762,49.41677941647964,36.02668041410656,-13.390099002373084,-27.09625993536057
bit_23,23,nrb,6238,23762,4.644277011862776,4.850728053194175,0.20645104133139913,4.445278367420068
bit_23,23,hbd,6238,23762,1.0905739018916318,0.853084757175322,-0.23748914471630989,-21.77652924798385
bit_23,23,hba,6238,23762,2.395639628085925,2.2392475380860195,-0.15639208999990561,-6.528197654037815
bit_23,23,ro5,6238,23762,1.0,1.0,0.0,0.0
bit_23,23,official_property_contribution,6238,23762,0.6276831556665179,0.567552633594261,-0.06013052207225689,-9.579757164011529
bit_12,12,qed,21495,8505,0.6033415837938686,0.699553619205148,0.09621203541127943,15.946528135237937
bit_12,12,sa,21495,8505,4.400007181224405,4.9233471806966795,0.5233399994722747,11.894071484825238
bit_12,12,logp,21495,8505,4.01527748453129,3.7308415249853053,-0.28443595954598466,-7.083843162565073
bit_12,12,mw,21495,8505,291.02813982954984,329.119415217941,38.09127538839118,13.088519691154465
bit_12,12,tpsa,21495,8505,34.61373807862294,49.41864197530864,14.804903896685701,42.77175687600481
bit_12,12,nrb,21495,8505,4.747429634798791,4.960376249265138,0.21294661446634766,4.485513864290754
bit_12,12,hbd,21495,8505,0.8366131658525239,1.0689006466784245,0.23228748082590067,27.765219375814574
bit_12,12,hba,21495,8505,2.2212142358688065,2.3995296884185775,0.178315452549771,8.027836742187302
bit_12,12,ro5,21495,8505,1.0,1.0,0.0,0.0
bit_12,12,official_property_contribution,21495,8505,0.5633093286859703,0.6223796807066001,0.059070352020629824,10.486308145903251
bit_124,124,qed,8492,21508,0.6775782797358362,0.6120762564381752,-0.06550202329766097,-9.66707836667933
bit_124,124,sa,8492,21508,4.679016120936574,4.496792692637644,-0.18222342829893012,-3.8944817369523275
bit_124,124,logp,8492,21508,3.110267003061707,4.2601268974335165,1.1498598943718097,36.969812985184305
bit_124,124,mw,8492,21508,298.3021884828975,303.2187236129811,4.91653513008356,1.6481726651380024
bit_124,124,tpsa,8492,21508,49.14025435704192,34.732602287520926,-14.407652069520992,-29.319449518592776
bit_124,124,nrb,8492,21508,4.5131888836552045,4.924121257206621,0.4109323735514163,9.105144591657432
bit_124,124,hbd,8492,21508,1.230687706076307,0.7728752092244746,-0.45781249685183245,-37.19972943513311
bit_124,124,hba,8492,21508,2.470913801224682,2.1931374372326577,-0.2777763639920243,-11.241847605300817
bit_124,124,ro5,8492,21508,1.0,1.0,0.0,0.0
bit_124,124,official_property_contribution,8492,21508,0.6216060354715868,0.5636504905751281,-0.05795554489645871,-9.323517081440535
bit_31,31,qed,12637,17363,0.6707145359621295,0.6014347338614042,-0.06927980210072526,-10.32925311531298
bit_31,31,sa,12637,17363,4.581413588477959,4.524327513370262,-0.05708607510769692,-1.2460362725440404
bit_31,31,logp,12637,17363,3.3101738782939005,4.389133755687385,1.0789598773934843,32.59526287935037
bit_31,31,mw,12637,17363,296.09649834807817,305.9977562886654,9.901257940587243,3.3439294270031366
bit_31,31,tpsa,12637,17363,45.561139510959876,33.89804354086275,-11.663095970097125,-25.598780222104693
bit_31,31,nrb,12637,17363,4.393922608213975,5.109024938086736,0.715102329872761,16.27480485286547
bit_31,31,hbd,12637,17363,1.2477645010682916,0.6511547543627253,-0.5966097467055663,-47.81429077320041
bit_31,31,hba,12637,17363,2.524887235894595,2.0875424753786787,-0.4373447605159164,-17.32135813031509
bit_31,31,ro5,12637,17363,1.0,1.0,0.0,0.0
bit_31,31,official_property_contribution,12637,17363,0.6133942253576996,0.5557916476800852,-0.05760257767761445,-9.390792299034707
bit_84,84,qed,4747,25253,0.6883335262436662,0.6197684087399639,-0.06856511750370231,-9.96103122825818
bit_84,84,sa,4747,25253,4.868118679582851,4.48826922584501,-0.3798494537378412,-7.802797728226101
bit_84,84,logp,4747,25253,3.241353256793767,4.064962293192891,0.823609036399124,25.40941918850922
bit_84,84,mw,4747,25253,314.6387268075755,299.41870098242595,-15.220025825149548,-4.83730212729271
bit_84,84,tpsa,4747,25253,51.52947967137139,36.42012473765493,-15.10935493371646,-29.32176887885572
bit_84,84,nrb,4747,25253,4.503897198230462,4.8649269393735395,0.36102974114307784,8.01594097851352
bit_84,84,hbd,4747,25253,1.217611122814409,0.84322654734091,-0.3743845754734991,-30.7474667780744
bit_84,84,hba,4747,25253,2.5765746787444703,2.214469567972122,-0.3621051107723483,-14.053740175262345
bit_84,84,ro5,4747,25253,1.0,1.0,0.0,0.0
bit_84,84,official_property_contribution,4747,25253,0.6284615516579256,0.5709565682807743,-0.057504983377151264,-9.15011956188077
bit_56,56,qed,24634,5366,0.6164693183508368,0.6955694533608789,0.0791001350100421,12.831155201956973
bit_56,56,sa,24634,5366,4.473547632322953,4.891884039806228,0.4183364074832747,9.351334597638958
bit_56,56,logp,24634,5366,4.059035569132097,3.3635696030562823,-0.6954659660758145,-17.13377363245228
bit_56,56,mw,24634,5366,298.59727185594284,316.653987544813,18.056715688870156,6.047180396739041
bit_56,56,tpsa,24634,5366,36.350787529430875,50.10483600447262,13.754048475041742,37.837002744179834
bit_56,56,nrb,24634,5366,4.881139887959731,4.471114424152068,-0.4100254638076626,-8.400198994891934
bit_56,56,hbd,24634,5366,0.857879353738735,1.1071561684681326,0.24927681472939756,29.057327658373065
bit_56,56,hba,24634,5366,2.207842818868231,2.5652254938501677,0.3573826749819369,16.18696185832359
bit_56,56,ro5,24634,5366,1.0,1.0,0.0,0.0
bit_56,56,official_property_contribution,24634,5366,0.5701139697415367,0.6256961747859769,0.055582205044440225,9.74931469748735
bit_3,3,qed,10708,19292,0.6697556025070347,0.6088942506398333,-0.06086135186720143,-9.087098583331699
bit_3,3,sa,10708,19292,4.665187633595707,4.483536852151202,-0.18165078144450497,-3.8937508137158696
bit_3,3,logp,10708,19292,3.4004178614120306,4.231159145759904,0.830741284347873,24.430564660159323
bit_3,3,mw,10708,19292,306.0219565865254,299.49862020196184,-6.5233363845635495,-2.1316563220911
bit_3,3,tpsa,10708,19292,47.251240194247295,34.126143997511925,-13.12509619673537,-27.777252285397818
bit_3,3,nrb,10708,19292,4.483003361972357,4.988077959776073,0.5050745978037163,11.266433616536526
bit_3,3,hbd,10708,19292,1.288475905864774,0.6882127306655609,-0.600263175199213,-46.58707023289971
bit_3,3,hba,10708,19292,2.3312476652969742,2.2387518142235123,-0.09249585107346192,-3.96765442172267
bit_3,3,ro5,10708,19292,1.0,1.0,0.0,0.0
bit_3,3,official_property_contribution,10708,19292,0.614249976034371,0.5610763249605288,-0.0531736510738422,-8.656679389250282
