target,bit_index,bit,count0,count1,mean_if_0,mean_if_1,contribution_if_0,contribution_if_1,effect_1_minus_0,abs_effect,global_mean
official_property_contribution,86,bit_86,9587,20413,0.6297751596296618,0.5567049796279333,0.049719386145842814,-0.023350793855885676,-0.07307018000172849,0.07307018000172849,0.580055773483819
official_property_contribution,67,bit_67,18478,11522,0.552143186890061,0.6248195970456536,-0.02791258659375795,0.044763823561834615,0.07267641015559256,0.07267641015559256,0.580055773483819
official_property_contribution,36,bit_36,12760,17240,0.5412361678954124,0.6087876857406674,-0.03881960558840658,0.028731912256848458,0.06755151784525504,0.06755151784525504,0.580055773483819
official_property_contribution,120,bit_120,21022,8978,0.5604440025832345,0.6259767634450673,-0.019611770900584524,0.04592098996124827,0.0655327608618328,0.0655327608618328,0.580055773483819
official_property_contribution,77,bit_77,29335,665,0.578606855650555,0.6439715699331381,-0.0014489178332639518,0.0639157964493191,0.06536471428258306,0.06536471428258306,0.580055773483819
official_property_contribution,33,bit_33,18283,11717,0.5551454525487213,0.6189253986145172,-0.024910320935097707,0.03886962513069825,0.06377994606579596,0.06377994606579596,0.580055773483819
official_property_contribution,58,bit_58,16387,13613,0.551727286771811,0.6141569203103577,-0.02832848671200794,0.03410114682653875,0.06242963353854669,0.06242963353854669,0.580055773483819
official_property_contribution,51,bit_51,9860,20140,0.6217817805999813,0.5596278474577334,0.04172600711616237,-0.020427926026085563,-0.06215393314224793,0.06215393314224793,0.580055773483819
official_property_contribution,47,bit_47,21091,8909,0.5618486336973302,0.6231590157373642,-0.018207139786488802,0.043103242253545226,0.06131038204003403,0.06131038204003403,0.580055773483819
official_property_contribution,23,bit_23,6238,23762,0.6276831556665179,0.567552633594261,0.04762738218269891,-0.01250313988955798,-0.06013052207225689,0.06013052207225689,0.580055773483819
official_property_contribution,12,bit_12,21495,8505,0.5633093286859703,0.6223796807066001,-0.016746444797848703,0.04232390722278112,0.059070352020629824,0.059070352020629824,0.580055773483819
official_property_contribution,124,bit_124,8492,21508,0.6216060354715868,0.5636504905751281,0.04155026198776779,-0.01640528290869092,-0.05795554489645871,0.05795554489645871,0.580055773483819
official_property_contribution,31,bit_31,12637,17363,0.6133942253576996,0.5557916476800852,0.033338451873880626,-0.024264125803733827,-0.05760257767761445,0.05760257767761445,0.580055773483819
official_property_contribution,84,bit_84,4747,25253,0.6284615516579256,0.5709565682807743,0.04840577817410663,-0.009099205203044636,-0.057504983377151264,0.057504983377151264,0.580055773483819
official_property_contribution,56,bit_56,24634,5366,0.5701139697415367,0.6256961747859769,-0.009941803742282262,0.04564040130215796,0.055582205044440225,0.055582205044440225,0.580055773483819
official_property_contribution,3,bit_3,10708,19292,0.614249976034371,0.5610763249605288,0.034194202550552055,-0.018979448523290143,-0.0531736510738422,0.0531736510738422,0.580055773483819
qed,80,bit_80,29988,12,0.6306738028347746,0.4904062983140003,5.610700180824768e-05,-0.14021139751896605,-0.1402675045207743,0.1402675045207743,0.6306176958329663
qed,12,bit_12,21495,8505,0.6033415837938686,0.699553619205148,-0.027276112039097744,0.06893592337218168,0.09621203541127943,0.09621203541127943,0.6306176958329663
qed,36,bit_36,12760,17240,0.5754248730874305,0.6714680681202655,-0.05519282274553583,0.04085037228729915,0.09604319503283498,0.09604319503283498,0.6306176958329663
qed,86,bit_86,9587,20413,0.6949430204711543,0.6004071982428861,0.06432532463818796,-0.03021049759008021,-0.09453582222826817,0.09453582222826817,0.6306176958329663
qed,120,bit_120,21022,8978,0.6030207396870203,0.6952360086086486,-0.02759695614594604,0.06461831277568231,0.09221526892162835,0.09221526892162835,0.6306176958329663
qed,67,bit_67,18478,11522,0.5952492452305559,0.6873385976062123,-0.03536845060241045,0.05672090177324596,0.09208935237565641,0.09208935237565641,0.6306176958329663
qed,23,bit_23,6238,23762,0.7030851761021505,0.6115935336446333,0.07246748026918415,-0.019024162188333027,-0.09149164245751717,0.09149164245751717,0.6306176958329663
qed,51,bit_51,9860,20140,0.6914896812482608,0.6008164159821817,0.06087198541529448,-0.029801279850784623,-0.0906732652660791,0.0906732652660791,0.6306176958329663
qed,97,bit_97,22212,7788,0.6075220467522187,0.6964883375101065,-0.023095649080747682,0.06587064167714018,0.08896629075788787,0.08896629075788787,0.6306176958329663
qed,17,bit_17,7513,22487,0.6966683548904555,0.6085498965934539,0.06605065905748919,-0.02206779923951241,-0.0881184582970016,0.0881184582970016,0.6306176958329663
qed,33,bit_33,18283,11717,0.596231208288092,0.6842737640913038,-0.03438648754487439,0.053656068258337464,0.08804255580321185,0.08804255580321185,0.6306176958329663
qed,100,bit_100,7097,22903,0.69589383151694,0.6103904446017232,0.06527613568397361,-0.020227251231243137,-0.08550338691521675,0.08550338691521675,0.6306176958329663
qed,0,bit_0,22907,7093,0.6104059515031097,0.6958919700983016,-0.020211744329856618,0.06527427426533527,0.08548601859519189,0.08548601859519189,0.6306176958329663
qed,5,bit_5,24963,5037,0.6164594010118061,0.7007851593272335,-0.014158294821160267,0.07016746349426717,0.08432575831542743,0.08432575831542743,0.6306176958329663
qed,58,bit_58,16387,13613,0.5935918013213445,0.675188571713518,-0.03702589451162186,0.04457087588055164,0.0815967703921735,0.0815967703921735,0.6306176958329663
qed,101,bit_101,7693,22307,0.690188134585054,0.610073678918105,0.05957043875208767,-0.020544016914861296,-0.08011445566694897,0.08011445566694897,0.6306176958329663
score_logp,106,bit_106,17349,12651,0.04450401099591403,0.07235701854909227,-0.01174561328517526,0.016107394268002978,0.02785300755317824,0.02785300755317824,0.05624962428108929
score_logp,20,bit_20,8294,21706,0.07557706834567383,0.048864485560382365,0.019327444064584545,-0.007385138720706924,-0.02671258278529147,0.02671258278529147,0.05624962428108929
score_logp,4,bit_4,10454,19546,0.07357285279570801,0.04698445335651014,0.01732322851461872,-0.009265170924579146,-0.026588399439197864,0.026588399439197864,0.05624962428108929
score_logp,110,bit_110,12964,17036,0.07121457387794058,0.04486164549654008,0.014964949596851296,-0.01138797878454921,-0.026352928381400506,0.026352928381400506,0.05624962428108929
score_logp,89,bit_89,5012,24988,0.07647771070159369,0.05219235002386309,0.0202280864205044,-0.004057274257226198,-0.0242853606777306,0.0242853606777306,0.05624962428108929
score_logp,116,bit_116,14519,15481,0.0685971617711791,0.04466937127297522,0.012347537490089808,-0.01158025300811407,-0.02392779049820388,0.02392779049820388,0.05624962428108929
score_logp,82,bit_82,14551,15449,0.04393667477997661,0.06784686217290692,-0.012312949501112676,0.01159723789181763,0.023910187392930306,0.023910187392930306,0.05624962428108929
score_logp,76,bit_76,23368,6632,0.05096583796316453,0.0748671632855021,-0.0052837863179247616,0.018617539004412806,0.023901325322337567,0.023901325322337567,0.05624962428108929
score_logp,109,bit_109,13652,16348,0.06922318777323658,0.04541557187132695,0.012973563492147289,-0.010834052409762339,-0.023807615901909628,0.023807615901909628,0.05624962428108929
score_logp,19,bit_19,18956,11044,0.04756121713526798,0.07116246798411255,-0.008688407145821309,0.01491284370302326,0.023601250848844568,0.023601250848844568,0.05624962428108929
score_logp,54,bit_54,25071,4929,0.05249285536855002,0.07535815611437635,-0.003756768912539267,0.019108531833287062,0.02286530074582633,0.02286530074582633,0.05624962428108929
score_logp,38,bit_38,3314,26686,0.07656657610713216,0.053726564311385845,0.020316951826042873,-0.0025230599697034437,-0.022840011795746316,0.022840011795746316,0.05624962428108929
score_logp,55,bit_55,23272,6728,0.0512855169476423,0.073420359397614,-0.004964107333446988,0.017170735116524713,0.0221348424499717,0.0221348424499717,0.05624962428108929
score_logp,31,bit_31,12637,17363,0.06887920421101777,0.047057664275646324,0.012629579929928483,-0.009191960005442965,-0.021821539935371448,0.021821539935371448,0.05624962428108929
score_logp,21,bit_21,5852,24148,0.07375518361936081,0.05200734611115534,0.017505559338271526,-0.004242278169933951,-0.021747837508205477,0.021747837508205477,0.05624962428108929
score_logp,68,bit_68,26084,3916,0.05349276409711199,0.07461273486302586,-0.0027568601839772985,0.01836311058193657,0.02111997076591387,0.02111997076591387,0.05624962428108929
score_ro5,1,bit_1,24699,5301,0.10000000000000002,0.09999999999999998,1.3877787807814457e-17,-2.7755575615628914e-17,-4.163336342344337e-17,4.163336342344337e-17,0.1
score_ro5,23,bit_23,6238,23762,0.09999999999999999,0.10000000000000003,-1.3877787807814457e-17,2.7755575615628914e-17,4.163336342344337e-17,4.163336342344337e-17,0.1
score_ro5,56,bit_56,24634,5366,0.10000000000000002,0.09999999999999998,1.3877787807814457e-17,-2.7755575615628914e-17,-4.163336342344337e-17,4.163336342344337e-17,0.1
score_ro5,65,bit_65,5357,24643,0.09999999999999996,0.1,-4.163336342344337e-17,0.0,4.163336342344337e-17,4.163336342344337e-17,0.1
score_ro5,69,bit_69,24563,5437,0.1,0.09999999999999996,0.0,-4.163336342344337e-17,-4.163336342344337e-17,4.163336342344337e-17,0.1
score_ro5,75,bit_75,4989,25011,0.09999999999999998,0.10000000000000002,-2.7755575615628914e-17,1.3877787807814457e-17,4.163336342344337e-17,4.163336342344337e-17,0.1
score_ro5,79,bit_79,23847,6153,0.10000000000000003,0.09999999999999999,2.7755575615628914e-17,-1.3877787807814457e-17,-4.163336342344337e-17,4.163336342344337e-17,0.1
score_ro5,107,bit_107,25579,4421,0.10000000000000002,0.09999999999999998,1.3877787807814457e-17,-2.7755575615628914e-17,-4.163336342344337e-17,4.163336342344337e-17,0.1
score_ro5,125,bit_125,24565,5435,0.10000000000000002,0.09999999999999998,1.3877787807814457e-17,-2.7755575615628914e-17,-4.163336342344337e-17,4.163336342344337e-17,0.1
score_ro5,8,bit_8,4459,25541,0.09999999999999999,0.10000000000000002,-1.3877787807814457e-17,1.3877787807814457e-17,2.7755575615628914e-17,2.7755575615628914e-17,0.1
score_ro5,11,bit_11,25186,4814,0.10000000000000002,0.09999999999999999,1.3877787807814457e-17,-1.3877787807814457e-17,-2.7755575615628914e-17,2.7755575615628914e-17,0.1
score_ro5,35,bit_35,16424,13576,0.10000000000000002,0.09999999999999999,1.3877787807814457e-17,-1.3877787807814457e-17,-2.7755575615628914e-17,2.7755575615628914e-17,0.1
score_ro5,44,bit_44,5184,24816,0.09999999999999999,0.10000000000000002,-1.3877787807814457e-17,1.3877787807814457e-17,2.7755575615628914e-17,2.7755575615628914e-17,0.1
score_ro5,45,bit_45,13831,16169,0.09999999999999999,0.10000000000000002,-1.3877787807814457e-17,1.3877787807814457e-17,2.7755575615628914e-17,2.7755575615628914e-17,0.1
score_ro5,49,bit_49,27586,2414,0.10000000000000002,0.09999999999999999,1.3877787807814457e-17,-1.3877787807814457e-17,-2.7755575615628914e-17,2.7755575615628914e-17,0.1
score_ro5,54,bit_54,25071,4929,0.10000000000000002,0.09999999999999999,1.3877787807814457e-17,-1.3877787807814457e-17,-2.7755575615628914e-17,2.7755575615628914e-17,0.1
score_sa,48,bit_48,19692,10308,0.12522678522535877,0.11335384471210433,0.004079542360354238,-0.0077933981529001994,-0.011872940513254437,0.011872940513254437,0.12114724286500453
score_sa,46,bit_46,19674,10326,0.1252329716614703,0.11336275435622402,0.004085728796465765,-0.00778448850878051,-0.011870217305246275,0.011870217305246275,0.12114724286500453
score_sa,63,bit_63,9878,20122,0.11326081190439731,0.12501873501433752,-0.007886430960607219,0.0038714921493329946,0.011757923109940213,0.011757923109940213,0.12114724286500453
score_sa,118,bit_118,19573,10427,0.12523327865331768,0.11347715765500614,0.004086035788313153,-0.007670085209998387,-0.01175612099831154,0.01175612099831154,0.12114724286500453
score_sa,5,bit_5,24963,5037,0.12311511613171644,0.11139460828947755,0.0019678732667119114,-0.009752634575526983,-0.011720507842238895,0.011720507842238895,0.12114724286500453
score_sa,7,bit_7,10449,19551,0.11352318609454254,0.12522190754683957,-0.00762405677046199,0.0040746646818350385,0.011698721452297028,0.011698721452297028,0.12114724286500453
score_sa,12,bit_12,21495,8505,0.12444428486167988,0.11281450709562932,0.003297041996675354,-0.00833273576937521,-0.011629777766050564,0.011629777766050564,0.12114724286500453
score_sa,97,bit_97,22212,7788,0.12410796288110111,0.11270303215653807,0.0029607200160965824,-0.00844421070846646,-0.011404930724563042,0.011404930724563042,0.12114724286500453
score_sa,17,bit_17,7513,22487,0.11293585069931152,0.12389070305715343,-0.008211392165693013,0.002743460192148897,0.01095485235784191,0.01095485235784191,0.12114724286500453
score_sa,101,bit_101,7693,22307,0.11309012115205827,0.12392589697975308,-0.008057121712946258,0.0027786541147485494,0.010835775827694807,0.010835775827694807,0.12114724286500453
score_sa,125,bit_125,24565,5435,0.12304119111948597,0.11258701492179637,0.0018939482544814423,-0.008560227943208154,-0.010454176197689596,0.010454176197689596,0.12114724286500453
score_sa,100,bit_100,7097,22903,0.1131794580346312,0.1236162368370239,-0.007967784830373331,0.0024689939720193704,0.010436778802392702,0.010436778802392702,0.12114724286500453
score_sa,0,bit_0,22907,7093,0.12361197680551464,0.11318733022222083,0.002464733940510111,-0.0079599126427837,-0.010424646583293812,0.010424646583293812,0.12114724286500453
score_sa,24,bit_24,25083,4917,0.12284242928911118,0.1124996201121335,0.0016951864241066539,-0.008647622752871023,-0.010342809176977677,0.010342809176977677,0.12114724286500453
score_sa,16,bit_16,10727,19273,0.11489154091231636,0.12462905238331959,-0.006255701952688167,0.00348180951831506,0.009737511471003227,0.009737511471003227,0.12114724286500453
score_sa,23,bit_23,6238,23762,0.11347175106823082,0.12316221289396988,-0.007675491796773709,0.002014970028965349,0.009690461825739058,0.009690461825739058,0.12114724286500453
