target,model,n_train,n_test,r2,mae,rmse,metric,bit,bit_index,importance,importance_fraction
official_property_contribution,LightGBM,24000.0,6000.0,0.5689909397628488,0.04784370680089671,0.059945853190681096,,,,,
official_property_contribution,LightGBM,,,,,,feature_importance,bit_0,0.0,20.0,0.0016666666666666668
official_property_contribution,LightGBM,,,,,,feature_importance,bit_1,1.0,30.0,0.0025
official_property_contribution,LightGBM,,,,,,feature_importance,bit_2,2.0,116.0,0.009666666666666667
official_property_contribution,LightGBM,,,,,,feature_importance,bit_3,3.0,98.0,0.008166666666666666
official_property_contribution,LightGBM,,,,,,feature_importance,bit_4,4.0,150.0,0.0125
official_property_contribution,LightGBM,,,,,,feature_importance,bit_5,5.0,39.0,0.00325
official_property_contribution,LightGBM,,,,,,feature_importance,bit_6,6.0,117.0,0.00975
official_property_contribution,LightGBM,,,,,,feature_importance,bit_7,7.0,29.0,0.002416666666666667
official_property_contribution,LightGBM,,,,,,feature_importance,bit_8,8.0,99.0,0.00825
official_property_contribution,LightGBM,,,,,,feature_importance,bit_9,9.0,110.0,0.009166666666666667
official_property_contribution,LightGBM,,,,,,feature_importance,bit_10,10.0,279.0,0.02325
official_property_contribution,LightGBM,,,,,,feature_importance,bit_11,11.0,62.0,0.005166666666666667
official_property_contribution,LightGBM,,,,,,feature_importance,bit_12,12.0,40.0,0.0033333333333333335
official_property_contribution,LightGBM,,,,,,feature_importance,bit_13,13.0,193.0,0.016083333333333335
official_property_contribution,LightGBM,,,,,,feature_importance,bit_14,14.0,43.0,0.0035833333333333333
official_property_contribution,LightGBM,,,,,,feature_importance,bit_15,15.0,100.0,0.008333333333333333
official_property_contribution,LightGBM,,,,,,feature_importance,bit_16,16.0,108.0,0.009
official_property_contribution,LightGBM,,,,,,feature_importance,bit_17,17.0,48.0,0.004
official_property_contribution,LightGBM,,,,,,feature_importance,bit_18,18.0,142.0,0.011833333333333333
official_property_contribution,LightGBM,,,,,,feature_importance,bit_19,19.0,47.0,0.003916666666666666
official_property_contribution,LightGBM,,,,,,feature_importance,bit_20,20.0,194.0,0.016166666666666666
official_property_contribution,LightGBM,,,,,,feature_importance,bit_21,21.0,46.0,0.003833333333333333
official_property_contribution,LightGBM,,,,,,feature_importance,bit_22,22.0,130.0,0.010833333333333334
official_property_contribution,LightGBM,,,,,,feature_importance,bit_23,23.0,119.0,0.009916666666666667
official_property_contribution,LightGBM,,,,,,feature_importance,bit_24,24.0,79.0,0.006583333333333333
official_property_contribution,LightGBM,,,,,,feature_importance,bit_25,25.0,90.0,0.0075
official_property_contribution,LightGBM,,,,,,feature_importance,bit_26,26.0,199.0,0.016583333333333332
official_property_contribution,LightGBM,,,,,,feature_importance,bit_27,27.0,150.0,0.0125
official_property_contribution,LightGBM,,,,,,feature_importance,bit_28,28.0,99.0,0.00825
official_property_contribution,LightGBM,,,,,,feature_importance,bit_29,29.0,88.0,0.007333333333333333
official_property_contribution,LightGBM,,,,,,feature_importance,bit_30,30.0,96.0,0.008
official_property_contribution,LightGBM,,,,,,feature_importance,bit_31,31.0,147.0,0.01225
official_property_contribution,LightGBM,,,,,,feature_importance,bit_32,32.0,48.0,0.004
official_property_contribution,LightGBM,,,,,,feature_importance,bit_33,33.0,170.0,0.014166666666666666
official_property_contribution,LightGBM,,,,,,feature_importance,bit_34,34.0,110.0,0.009166666666666667
official_property_contribution,LightGBM,,,,,,feature_importance,bit_35,35.0,60.0,0.005
official_property_contribution,LightGBM,,,,,,feature_importance,bit_36,36.0,67.0,0.005583333333333333
official_property_contribution,LightGBM,,,,,,feature_importance,bit_37,37.0,107.0,0.008916666666666666
official_property_contribution,LightGBM,,,,,,feature_importance,bit_38,38.0,67.0,0.005583333333333333
official_property_contribution,LightGBM,,,,,,feature_importance,bit_39,39.0,59.0,0.004916666666666666
official_property_contribution,LightGBM,,,,,,feature_importance,bit_40,40.0,66.0,0.0055
official_property_contribution,LightGBM,,,,,,feature_importance,bit_41,41.0,94.0,0.007833333333333333
official_property_contribution,LightGBM,,,,,,feature_importance,bit_42,42.0,106.0,0.008833333333333334
official_property_contribution,LightGBM,,,,,,feature_importance,bit_43,43.0,238.0,0.019833333333333335
official_property_contribution,LightGBM,,,,,,feature_importance,bit_44,44.0,62.0,0.005166666666666667
official_property_contribution,LightGBM,,,,,,feature_importance,bit_45,45.0,48.0,0.004
official_property_contribution,LightGBM,,,,,,feature_importance,bit_46,46.0,9.0,0.00075
official_property_contribution,LightGBM,,,,,,feature_importance,bit_47,47.0,63.0,0.00525
official_property_contribution,LightGBM,,,,,,feature_importance,bit_48,48.0,2.0,0.00016666666666666666
official_property_contribution,LightGBM,,,,,,feature_importance,bit_49,49.0,28.0,0.0023333333333333335
official_property_contribution,LightGBM,,,,,,feature_importance,bit_50,50.0,208.0,0.017333333333333333
official_property_contribution,LightGBM,,,,,,feature_importance,bit_51,51.0,84.0,0.007
official_property_contribution,LightGBM,,,,,,feature_importance,bit_52,52.0,64.0,0.005333333333333333
official_property_contribution,LightGBM,,,,,,feature_importance,bit_53,53.0,170.0,0.014166666666666666
official_property_contribution,LightGBM,,,,,,feature_importance,bit_54,54.0,75.0,0.00625
official_property_contribution,LightGBM,,,,,,feature_importance,bit_55,55.0,113.0,0.009416666666666667
official_property_contribution,LightGBM,,,,,,feature_importance,bit_56,56.0,42.0,0.0035
official_property_contribution,LightGBM,,,,,,feature_importance,bit_57,57.0,66.0,0.0055
official_property_contribution,LightGBM,,,,,,feature_importance,bit_58,58.0,75.0,0.00625
official_property_contribution,LightGBM,,,,,,feature_importance,bit_59,59.0,38.0,0.0031666666666666666
official_property_contribution,LightGBM,,,,,,feature_importance,bit_60,60.0,54.0,0.0045
official_property_contribution,LightGBM,,,,,,feature_importance,bit_61,61.0,72.0,0.006
official_property_contribution,LightGBM,,,,,,feature_importance,bit_62,62.0,99.0,0.00825
official_property_contribution,LightGBM,,,,,,feature_importance,bit_63,63.0,16.0,0.0013333333333333333
official_property_contribution,LightGBM,,,,,,feature_importance,bit_64,64.0,142.0,0.011833333333333333
official_property_contribution,LightGBM,,,,,,feature_importance,bit_65,65.0,67.0,0.005583333333333333
official_property_contribution,LightGBM,,,,,,feature_importance,bit_66,66.0,109.0,0.009083333333333334
official_property_contribution,LightGBM,,,,,,feature_importance,bit_67,67.0,58.0,0.004833333333333334
official_property_contribution,LightGBM,,,,,,feature_importance,bit_68,68.0,64.0,0.005333333333333333
official_property_contribution,LightGBM,,,,,,feature_importance,bit_69,69.0,58.0,0.004833333333333334
official_property_contribution,LightGBM,,,,,,feature_importance,bit_70,70.0,81.0,0.00675
official_property_contribution,LightGBM,,,,,,feature_importance,bit_71,71.0,91.0,0.007583333333333333
official_property_contribution,LightGBM,,,,,,feature_importance,bit_72,72.0,180.0,0.015
official_property_contribution,LightGBM,,,,,,feature_importance,bit_73,73.0,155.0,0.012916666666666667
official_property_contribution,LightGBM,,,,,,feature_importance,bit_74,74.0,124.0,0.010333333333333333
official_property_contribution,LightGBM,,,,,,feature_importance,bit_75,75.0,48.0,0.004
official_property_contribution,LightGBM,,,,,,feature_importance,bit_76,76.0,33.0,0.00275
official_property_contribution,LightGBM,,,,,,feature_importance,bit_77,77.0,9.0,0.00075
official_property_contribution,LightGBM,,,,,,feature_importance,bit_78,78.0,76.0,0.006333333333333333
official_property_contribution,LightGBM,,,,,,feature_importance,bit_79,79.0,108.0,0.009
official_property_contribution,LightGBM,,,,,,feature_importance,bit_80,80.0,0.0,0.0
official_property_contribution,LightGBM,,,,,,feature_importance,bit_81,81.0,164.0,0.013666666666666667
official_property_contribution,LightGBM,,,,,,feature_importance,bit_82,82.0,149.0,0.012416666666666666
official_property_contribution,LightGBM,,,,,,feature_importance,bit_83,83.0,286.0,0.023833333333333335
official_property_contribution,LightGBM,,,,,,feature_importance,bit_84,84.0,60.0,0.005
official_property_contribution,LightGBM,,,,,,feature_importance,bit_85,85.0,131.0,0.010916666666666667
official_property_contribution,LightGBM,,,,,,feature_importance,bit_86,86.0,69.0,0.00575
official_property_contribution,LightGBM,,,,,,feature_importance,bit_87,87.0,66.0,0.0055
official_property_contribution,LightGBM,,,,,,feature_importance,bit_88,88.0,137.0,0.011416666666666667
official_property_contribution,LightGBM,,,,,,feature_importance,bit_89,89.0,71.0,0.005916666666666666
official_property_contribution,LightGBM,,,,,,feature_importance,bit_90,90.0,76.0,0.006333333333333333
official_property_contribution,LightGBM,,,,,,feature_importance,bit_91,91.0,51.0,0.00425
official_property_contribution,LightGBM,,,,,,feature_importance,bit_92,92.0,82.0,0.006833333333333334
official_property_contribution,LightGBM,,,,,,feature_importance,bit_93,93.0,86.0,0.007166666666666667
official_property_contribution,LightGBM,,,,,,feature_importance,bit_94,94.0,95.0,0.007916666666666667
official_property_contribution,LightGBM,,,,,,feature_importance,bit_95,95.0,84.0,0.007
official_property_contribution,LightGBM,,,,,,feature_importance,bit_96,96.0,141.0,0.01175
official_property_contribution,LightGBM,,,,,,feature_importance,bit_97,97.0,19.0,0.0015833333333333333
official_property_contribution,LightGBM,,,,,,feature_importance,bit_98,98.0,206.0,0.017166666666666667
official_property_contribution,LightGBM,,,,,,feature_importance,bit_99,99.0,118.0,0.009833333333333333
official_property_contribution,LightGBM,,,,,,feature_importance,bit_100,100.0,13.0,0.0010833333333333333
official_property_contribution,LightGBM,,,,,,feature_importance,bit_101,101.0,58.0,0.004833333333333334
official_property_contribution,LightGBM,,,,,,feature_importance,bit_102,102.0,53.0,0.004416666666666667
official_property_contribution,LightGBM,,,,,,feature_importance,bit_103,103.0,116.0,0.009666666666666667
official_property_contribution,LightGBM,,,,,,feature_importance,bit_104,104.0,161.0,0.013416666666666667
official_property_contribution,LightGBM,,,,,,feature_importance,bit_105,105.0,137.0,0.011416666666666667
official_property_contribution,LightGBM,,,,,,feature_importance,bit_106,106.0,48.0,0.004
official_property_contribution,LightGBM,,,,,,feature_importance,bit_107,107.0,102.0,0.0085
official_property_contribution,LightGBM,,,,,,feature_importance,bit_108,108.0,58.0,0.004833333333333334
official_property_contribution,LightGBM,,,,,,feature_importance,bit_109,109.0,115.0,0.009583333333333333
official_property_contribution,LightGBM,,,,,,feature_importance,bit_110,110.0,56.0,0.004666666666666667
official_property_contribution,LightGBM,,,,,,feature_importance,bit_111,111.0,109.0,0.009083333333333334
official_property_contribution,LightGBM,,,,,,feature_importance,bit_112,112.0,91.0,0.007583333333333333
official_property_contribution,LightGBM,,,,,,feature_importance,bit_113,113.0,113.0,0.009416666666666667
official_property_contribution,LightGBM,,,,,,feature_importance,bit_114,114.0,61.0,0.005083333333333333
official_property_contribution,LightGBM,,,,,,feature_importance,bit_115,115.0,114.0,0.0095
official_property_contribution,LightGBM,,,,,,feature_importance,bit_116,116.0,64.0,0.005333333333333333
official_property_contribution,LightGBM,,,,,,feature_importance,bit_117,117.0,150.0,0.0125
official_property_contribution,LightGBM,,,,,,feature_importance,bit_118,118.0,20.0,0.0016666666666666668
official_property_contribution,LightGBM,,,,,,feature_importance,bit_119,119.0,163.0,0.013583333333333333
official_property_contribution,LightGBM,,,,,,feature_importance,bit_120,120.0,69.0,0.00575
official_property_contribution,LightGBM,,,,,,feature_importance,bit_121,121.0,99.0,0.00825
official_property_contribution,LightGBM,,,,,,feature_importance,bit_122,122.0,128.0,0.010666666666666666
official_property_contribution,LightGBM,,,,,,feature_importance,bit_123,123.0,173.0,0.014416666666666666
official_property_contribution,LightGBM,,,,,,feature_importance,bit_124,124.0,55.0,0.004583333333333333
official_property_contribution,LightGBM,,,,,,feature_importance,bit_125,125.0,50.0,0.004166666666666667
official_property_contribution,LightGBM,,,,,,feature_importance,bit_126,126.0,54.0,0.0045
official_property_contribution,LightGBM,,,,,,feature_importance,bit_127,127.0,189.0,0.01575
qed,LightGBM,24000.0,6000.0,0.4957386006883002,0.09063576435705549,0.11565583556229911,,,,,
qed,LightGBM,,,,,,feature_importance,bit_0,0.0,31.0,0.0025833333333333333
qed,LightGBM,,,,,,feature_importance,bit_1,1.0,20.0,0.0016666666666666668
qed,LightGBM,,,,,,feature_importance,bit_2,2.0,155.0,0.012916666666666667
qed,LightGBM,,,,,,feature_importance,bit_3,3.0,110.0,0.009166666666666667
qed,LightGBM,,,,,,feature_importance,bit_4,4.0,113.0,0.009416666666666667
qed,LightGBM,,,,,,feature_importance,bit_5,5.0,19.0,0.0015833333333333333
qed,LightGBM,,,,,,feature_importance,bit_6,6.0,47.0,0.003916666666666666
qed,LightGBM,,,,,,feature_importance,bit_7,7.0,3.0,0.00025
qed,LightGBM,,,,,,feature_importance,bit_8,8.0,83.0,0.0069166666666666664
qed,LightGBM,,,,,,feature_importance,bit_9,9.0,125.0,0.010416666666666666
qed,LightGBM,,,,,,feature_importance,bit_10,10.0,293.0,0.024416666666666666
qed,LightGBM,,,,,,feature_importance,bit_11,11.0,75.0,0.00625
qed,LightGBM,,,,,,feature_importance,bit_12,12.0,37.0,0.0030833333333333333
qed,LightGBM,,,,,,feature_importance,bit_13,13.0,154.0,0.012833333333333334
qed,LightGBM,,,,,,feature_importance,bit_14,14.0,63.0,0.00525
qed,LightGBM,,,,,,feature_importance,bit_15,15.0,60.0,0.005
qed,LightGBM,,,,,,feature_importance,bit_16,16.0,119.0,0.009916666666666667
qed,LightGBM,,,,,,feature_importance,bit_17,17.0,35.0,0.002916666666666667
qed,LightGBM,,,,,,feature_importance,bit_18,18.0,117.0,0.00975
qed,LightGBM,,,,,,feature_importance,bit_19,19.0,67.0,0.005583333333333333
qed,LightGBM,,,,,,feature_importance,bit_20,20.0,114.0,0.0095
qed,LightGBM,,,,,,feature_importance,bit_21,21.0,34.0,0.0028333333333333335
qed,LightGBM,,,,,,feature_importance,bit_22,22.0,138.0,0.0115
qed,LightGBM,,,,,,feature_importance,bit_23,23.0,90.0,0.0075
qed,LightGBM,,,,,,feature_importance,bit_24,24.0,58.0,0.004833333333333334
qed,LightGBM,,,,,,feature_importance,bit_25,25.0,116.0,0.009666666666666667
qed,LightGBM,,,,,,feature_importance,bit_26,26.0,129.0,0.01075
qed,LightGBM,,,,,,feature_importance,bit_27,27.0,132.0,0.011
qed,LightGBM,,,,,,feature_importance,bit_28,28.0,91.0,0.007583333333333333
qed,LightGBM,,,,,,feature_importance,bit_29,29.0,121.0,0.010083333333333333
qed,LightGBM,,,,,,feature_importance,bit_30,30.0,101.0,0.008416666666666666
qed,LightGBM,,,,,,feature_importance,bit_31,31.0,172.0,0.014333333333333333
qed,LightGBM,,,,,,feature_importance,bit_32,32.0,74.0,0.006166666666666667
qed,LightGBM,,,,,,feature_importance,bit_33,33.0,165.0,0.01375
qed,LightGBM,,,,,,feature_importance,bit_34,34.0,99.0,0.00825
qed,LightGBM,,,,,,feature_importance,bit_35,35.0,68.0,0.005666666666666667
qed,LightGBM,,,,,,feature_importance,bit_36,36.0,115.0,0.009583333333333333
qed,LightGBM,,,,,,feature_importance,bit_37,37.0,136.0,0.011333333333333334
qed,LightGBM,,,,,,feature_importance,bit_38,38.0,100.0,0.008333333333333333
qed,LightGBM,,,,,,feature_importance,bit_39,39.0,60.0,0.005
qed,LightGBM,,,,,,feature_importance,bit_40,40.0,51.0,0.00425
qed,LightGBM,,,,,,feature_importance,bit_41,41.0,127.0,0.010583333333333333
qed,LightGBM,,,,,,feature_importance,bit_42,42.0,101.0,0.008416666666666666
qed,LightGBM,,,,,,feature_importance,bit_43,43.0,245.0,0.020416666666666666
qed,LightGBM,,,,,,feature_importance,bit_44,44.0,57.0,0.00475
qed,LightGBM,,,,,,feature_importance,bit_45,45.0,57.0,0.00475
qed,LightGBM,,,,,,feature_importance,bit_46,46.0,4.0,0.0003333333333333333
qed,LightGBM,,,,,,feature_importance,bit_47,47.0,67.0,0.005583333333333333
qed,LightGBM,,,,,,feature_importance,bit_48,48.0,1.0,8.333333333333333e-05
qed,LightGBM,,,,,,feature_importance,bit_49,49.0,45.0,0.00375
qed,LightGBM,,,,,,feature_importance,bit_50,50.0,196.0,0.01633333333333333
qed,LightGBM,,,,,,feature_importance,bit_51,51.0,59.0,0.004916666666666666
qed,LightGBM,,,,,,feature_importance,bit_52,52.0,93.0,0.00775
qed,LightGBM,,,,,,feature_importance,bit_53,53.0,189.0,0.01575
qed,LightGBM,,,,,,feature_importance,bit_54,54.0,50.0,0.004166666666666667
qed,LightGBM,,,,,,feature_importance,bit_55,55.0,157.0,0.013083333333333334
qed,LightGBM,,,,,,feature_importance,bit_56,56.0,38.0,0.0031666666666666666
qed,LightGBM,,,,,,feature_importance,bit_57,57.0,53.0,0.004416666666666667
qed,LightGBM,,,,,,feature_importance,bit_58,58.0,67.0,0.005583333333333333
qed,LightGBM,,,,,,feature_importance,bit_59,59.0,52.0,0.004333333333333333
qed,LightGBM,,,,,,feature_importance,bit_60,60.0,45.0,0.00375
qed,LightGBM,,,,,,feature_importance,bit_61,61.0,48.0,0.004
qed,LightGBM,,,,,,feature_importance,bit_62,62.0,95.0,0.007916666666666667
qed,LightGBM,,,,,,feature_importance,bit_63,63.0,12.0,0.001
qed,LightGBM,,,,,,feature_importance,bit_64,64.0,140.0,0.011666666666666667
qed,LightGBM,,,,,,feature_importance,bit_65,65.0,72.0,0.006
qed,LightGBM,,,,,,feature_importance,bit_66,66.0,104.0,0.008666666666666666
qed,LightGBM,,,,,,feature_importance,bit_67,67.0,67.0,0.005583333333333333
qed,LightGBM,,,,,,feature_importance,bit_68,68.0,64.0,0.005333333333333333
qed,LightGBM,,,,,,feature_importance,bit_69,69.0,48.0,0.004
qed,LightGBM,,,,,,feature_importance,bit_70,70.0,87.0,0.00725
qed,LightGBM,,,,,,feature_importance,bit_71,71.0,72.0,0.006
qed,LightGBM,,,,,,feature_importance,bit_72,72.0,149.0,0.012416666666666666
qed,LightGBM,,,,,,feature_importance,bit_73,73.0,172.0,0.014333333333333333
qed,LightGBM,,,,,,feature_importance,bit_74,74.0,117.0,0.00975
qed,LightGBM,,,,,,feature_importance,bit_75,75.0,105.0,0.00875
qed,LightGBM,,,,,,feature_importance,bit_76,76.0,43.0,0.0035833333333333333
qed,LightGBM,,,,,,feature_importance,bit_77,77.0,6.0,0.0005
qed,LightGBM,,,,,,feature_importance,bit_78,78.0,86.0,0.007166666666666667
qed,LightGBM,,,,,,feature_importance,bit_79,79.0,129.0,0.01075
qed,LightGBM,,,,,,feature_importance,bit_80,80.0,0.0,0.0
qed,LightGBM,,,,,,feature_importance,bit_81,81.0,148.0,0.012333333333333333
qed,LightGBM,,,,,,feature_importance,bit_82,82.0,161.0,0.013416666666666667
qed,LightGBM,,,,,,feature_importance,bit_83,83.0,277.0,0.023083333333333334
qed,LightGBM,,,,,,feature_importance,bit_84,84.0,43.0,0.0035833333333333333
qed,LightGBM,,,,,,feature_importance,bit_85,85.0,155.0,0.012916666666666667
qed,LightGBM,,,,,,feature_importance,bit_86,86.0,72.0,0.006
qed,LightGBM,,,,,,feature_importance,bit_87,87.0,85.0,0.007083333333333333
qed,LightGBM,,,,,,feature_importance,bit_88,88.0,146.0,0.012166666666666666
qed,LightGBM,,,,,,feature_importance,bit_89,89.0,47.0,0.003916666666666666
qed,LightGBM,,,,,,feature_importance,bit_90,90.0,71.0,0.005916666666666666
qed,LightGBM,,,,,,feature_importance,bit_91,91.0,60.0,0.005
qed,LightGBM,,,,,,feature_importance,bit_92,92.0,66.0,0.0055
qed,LightGBM,,,,,,feature_importance,bit_93,93.0,67.0,0.005583333333333333
qed,LightGBM,,,,,,feature_importance,bit_94,94.0,111.0,0.00925
qed,LightGBM,,,,,,feature_importance,bit_95,95.0,136.0,0.011333333333333334
qed,LightGBM,,,,,,feature_importance,bit_96,96.0,127.0,0.010583333333333333
qed,LightGBM,,,,,,feature_importance,bit_97,97.0,18.0,0.0015
qed,LightGBM,,,,,,feature_importance,bit_98,98.0,161.0,0.013416666666666667
qed,LightGBM,,,,,,feature_importance,bit_99,99.0,137.0,0.011416666666666667
qed,LightGBM,,,,,,feature_importance,bit_100,100.0,7.0,0.0005833333333333334
qed,LightGBM,,,,,,feature_importance,bit_101,101.0,52.0,0.004333333333333333
qed,LightGBM,,,,,,feature_importance,bit_102,102.0,76.0,0.006333333333333333
qed,LightGBM,,,,,,feature_importance,bit_103,103.0,132.0,0.011
qed,LightGBM,,,,,,feature_importance,bit_104,104.0,163.0,0.013583333333333333
qed,LightGBM,,,,,,feature_importance,bit_105,105.0,187.0,0.015583333333333333
qed,LightGBM,,,,,,feature_importance,bit_106,106.0,49.0,0.004083333333333333
qed,LightGBM,,,,,,feature_importance,bit_107,107.0,144.0,0.012
qed,LightGBM,,,,,,feature_importance,bit_108,108.0,52.0,0.004333333333333333
qed,LightGBM,,,,,,feature_importance,bit_109,109.0,102.0,0.0085
qed,LightGBM,,,,,,feature_importance,bit_110,110.0,86.0,0.007166666666666667
qed,LightGBM,,,,,,feature_importance,bit_111,111.0,111.0,0.00925
qed,LightGBM,,,,,,feature_importance,bit_112,112.0,100.0,0.008333333333333333
qed,LightGBM,,,,,,feature_importance,bit_113,113.0,113.0,0.009416666666666667
qed,LightGBM,,,,,,feature_importance,bit_114,114.0,53.0,0.004416666666666667
qed,LightGBM,,,,,,feature_importance,bit_115,115.0,80.0,0.006666666666666667
qed,LightGBM,,,,,,feature_importance,bit_116,116.0,61.0,0.005083333333333333
qed,LightGBM,,,,,,feature_importance,bit_117,117.0,154.0,0.012833333333333334
qed,LightGBM,,,,,,feature_importance,bit_118,118.0,3.0,0.00025
qed,LightGBM,,,,,,feature_importance,bit_119,119.0,224.0,0.018666666666666668
qed,LightGBM,,,,,,feature_importance,bit_120,120.0,69.0,0.00575
qed,LightGBM,,,,,,feature_importance,bit_121,121.0,102.0,0.0085
qed,LightGBM,,,,,,feature_importance,bit_122,122.0,148.0,0.012333333333333333
qed,LightGBM,,,,,,feature_importance,bit_123,123.0,138.0,0.0115
qed,LightGBM,,,,,,feature_importance,bit_124,124.0,55.0,0.004583333333333333
qed,LightGBM,,,,,,feature_importance,bit_125,125.0,46.0,0.003833333333333333
qed,LightGBM,,,,,,feature_importance,bit_126,126.0,65.0,0.005416666666666667
qed,LightGBM,,,,,,feature_importance,bit_127,127.0,131.0,0.010916666666666667
score_sa,LightGBM,24000.0,6000.0,0.41888559466112574,0.011286481746982933,0.014502764027552689,,,,,
score_sa,LightGBM,,,,,,feature_importance,bit_0,0.0,22.0,0.0018333333333333333
score_sa,LightGBM,,,,,,feature_importance,bit_1,1.0,57.0,0.00475
score_sa,LightGBM,,,,,,feature_importance,bit_2,2.0,114.0,0.0095
score_sa,LightGBM,,,,,,feature_importance,bit_3,3.0,84.0,0.007
score_sa,LightGBM,,,,,,feature_importance,bit_4,4.0,98.0,0.008166666666666666
score_sa,LightGBM,,,,,,feature_importance,bit_5,5.0,47.0,0.003916666666666666
score_sa,LightGBM,,,,,,feature_importance,bit_6,6.0,82.0,0.006833333333333334
score_sa,LightGBM,,,,,,feature_importance,bit_7,7.0,5.0,0.0004166666666666667
score_sa,LightGBM,,,,,,feature_importance,bit_8,8.0,88.0,0.007333333333333333
score_sa,LightGBM,,,,,,feature_importance,bit_9,9.0,149.0,0.012416666666666666
score_sa,LightGBM,,,,,,feature_importance,bit_10,10.0,242.0,0.020166666666666666
score_sa,LightGBM,,,,,,feature_importance,bit_11,11.0,79.0,0.006583333333333333
score_sa,LightGBM,,,,,,feature_importance,bit_12,12.0,17.0,0.0014166666666666668
score_sa,LightGBM,,,,,,feature_importance,bit_13,13.0,151.0,0.012583333333333334
score_sa,LightGBM,,,,,,feature_importance,bit_14,14.0,82.0,0.006833333333333334
score_sa,LightGBM,,,,,,feature_importance,bit_15,15.0,97.0,0.008083333333333333
score_sa,LightGBM,,,,,,feature_importance,bit_16,16.0,61.0,0.005083333333333333
score_sa,LightGBM,,,,,,feature_importance,bit_17,17.0,24.0,0.002
score_sa,LightGBM,,,,,,feature_importance,bit_18,18.0,142.0,0.011833333333333333
score_sa,LightGBM,,,,,,feature_importance,bit_19,19.0,89.0,0.007416666666666667
score_sa,LightGBM,,,,,,feature_importance,bit_20,20.0,117.0,0.00975
score_sa,LightGBM,,,,,,feature_importance,bit_21,21.0,61.0,0.005083333333333333
score_sa,LightGBM,,,,,,feature_importance,bit_22,22.0,135.0,0.01125
score_sa,LightGBM,,,,,,feature_importance,bit_23,23.0,104.0,0.008666666666666666
score_sa,LightGBM,,,,,,feature_importance,bit_24,24.0,46.0,0.003833333333333333
score_sa,LightGBM,,,,,,feature_importance,bit_25,25.0,133.0,0.011083333333333334
score_sa,LightGBM,,,,,,feature_importance,bit_26,26.0,162.0,0.0135
score_sa,LightGBM,,,,,,feature_importance,bit_27,27.0,184.0,0.015333333333333332
score_sa,LightGBM,,,,,,feature_importance,bit_28,28.0,86.0,0.007166666666666667
score_sa,LightGBM,,,,,,feature_importance,bit_29,29.0,79.0,0.006583333333333333
score_sa,LightGBM,,,,,,feature_importance,bit_30,30.0,96.0,0.008
score_sa,LightGBM,,,,,,feature_importance,bit_31,31.0,168.0,0.014
score_sa,LightGBM,,,,,,feature_importance,bit_32,32.0,51.0,0.00425
score_sa,LightGBM,,,,,,feature_importance,bit_33,33.0,127.0,0.010583333333333333
score_sa,LightGBM,,,,,,feature_importance,bit_34,34.0,119.0,0.009916666666666667
score_sa,LightGBM,,,,,,feature_importance,bit_35,35.0,133.0,0.011083333333333334
score_sa,LightGBM,,,,,,feature_importance,bit_36,36.0,101.0,0.008416666666666666
score_sa,LightGBM,,,,,,feature_importance,bit_37,37.0,70.0,0.005833333333333334
score_sa,LightGBM,,,,,,feature_importance,bit_38,38.0,52.0,0.004333333333333333
score_sa,LightGBM,,,,,,feature_importance,bit_39,39.0,85.0,0.007083333333333333
score_sa,LightGBM,,,,,,feature_importance,bit_40,40.0,71.0,0.005916666666666666
score_sa,LightGBM,,,,,,feature_importance,bit_41,41.0,134.0,0.011166666666666667
score_sa,LightGBM,,,,,,feature_importance,bit_42,42.0,142.0,0.011833333333333333
score_sa,LightGBM,,,,,,feature_importance,bit_43,43.0,276.0,0.023
score_sa,LightGBM,,,,,,feature_importance,bit_44,44.0,59.0,0.004916666666666666
score_sa,LightGBM,,,,,,feature_importance,bit_45,45.0,35.0,0.002916666666666667
score_sa,LightGBM,,,,,,feature_importance,bit_46,46.0,18.0,0.0015
score_sa,LightGBM,,,,,,feature_importance,bit_47,47.0,48.0,0.004
score_sa,LightGBM,,,,,,feature_importance,bit_48,48.0,5.0,0.0004166666666666667
score_sa,LightGBM,,,,,,feature_importance,bit_49,49.0,60.0,0.005
score_sa,LightGBM,,,,,,feature_importance,bit_50,50.0,106.0,0.008833333333333334
score_sa,LightGBM,,,,,,feature_importance,bit_51,51.0,73.0,0.006083333333333333
score_sa,LightGBM,,,,,,feature_importance,bit_52,52.0,93.0,0.00775
score_sa,LightGBM,,,,,,feature_importance,bit_53,53.0,193.0,0.016083333333333335
score_sa,LightGBM,,,,,,feature_importance,bit_54,54.0,46.0,0.003833333333333333
score_sa,LightGBM,,,,,,feature_importance,bit_55,55.0,154.0,0.012833333333333334
score_sa,LightGBM,,,,,,feature_importance,bit_56,56.0,40.0,0.0033333333333333335
score_sa,LightGBM,,,,,,feature_importance,bit_57,57.0,80.0,0.006666666666666667
score_sa,LightGBM,,,,,,feature_importance,bit_58,58.0,73.0,0.006083333333333333
score_sa,LightGBM,,,,,,feature_importance,bit_59,59.0,44.0,0.0036666666666666666
score_sa,LightGBM,,,,,,feature_importance,bit_60,60.0,45.0,0.00375
score_sa,LightGBM,,,,,,feature_importance,bit_61,61.0,38.0,0.0031666666666666666
score_sa,LightGBM,,,,,,feature_importance,bit_62,62.0,109.0,0.009083333333333334
score_sa,LightGBM,,,,,,feature_importance,bit_63,63.0,8.0,0.0006666666666666666
score_sa,LightGBM,,,,,,feature_importance,bit_64,64.0,99.0,0.00825
score_sa,LightGBM,,,,,,feature_importance,bit_65,65.0,69.0,0.00575
score_sa,LightGBM,,,,,,feature_importance,bit_66,66.0,63.0,0.00525
score_sa,LightGBM,,,,,,feature_importance,bit_67,67.0,68.0,0.005666666666666667
score_sa,LightGBM,,,,,,feature_importance,bit_68,68.0,53.0,0.004416666666666667
score_sa,LightGBM,,,,,,feature_importance,bit_69,69.0,69.0,0.00575
score_sa,LightGBM,,,,,,feature_importance,bit_70,70.0,113.0,0.009416666666666667
score_sa,LightGBM,,,,,,feature_importance,bit_71,71.0,79.0,0.006583333333333333
score_sa,LightGBM,,,,,,feature_importance,bit_72,72.0,135.0,0.01125
score_sa,LightGBM,,,,,,feature_importance,bit_73,73.0,185.0,0.015416666666666667
score_sa,LightGBM,,,,,,feature_importance,bit_74,74.0,149.0,0.012416666666666666
score_sa,LightGBM,,,,,,feature_importance,bit_75,75.0,87.0,0.00725
score_sa,LightGBM,,,,,,feature_importance,bit_76,76.0,54.0,0.0045
score_sa,LightGBM,,,,,,feature_importance,bit_77,77.0,3.0,0.00025
score_sa,LightGBM,,,,,,feature_importance,bit_78,78.0,55.0,0.004583333333333333
score_sa,LightGBM,,,,,,feature_importance,bit_79,79.0,125.0,0.010416666666666666
score_sa,LightGBM,,,,,,feature_importance,bit_80,80.0,0.0,0.0
score_sa,LightGBM,,,,,,feature_importance,bit_81,81.0,174.0,0.0145
score_sa,LightGBM,,,,,,feature_importance,bit_82,82.0,96.0,0.008
score_sa,LightGBM,,,,,,feature_importance,bit_83,83.0,155.0,0.012916666666666667
score_sa,LightGBM,,,,,,feature_importance,bit_84,84.0,38.0,0.0031666666666666666
score_sa,LightGBM,,,,,,feature_importance,bit_85,85.0,135.0,0.01125
score_sa,LightGBM,,,,,,feature_importance,bit_86,86.0,69.0,0.00575
score_sa,LightGBM,,,,,,feature_importance,bit_87,87.0,76.0,0.006333333333333333
score_sa,LightGBM,,,,,,feature_importance,bit_88,88.0,225.0,0.01875
score_sa,LightGBM,,,,,,feature_importance,bit_89,89.0,100.0,0.008333333333333333
score_sa,LightGBM,,,,,,feature_importance,bit_90,90.0,102.0,0.0085
score_sa,LightGBM,,,,,,feature_importance,bit_91,91.0,12.0,0.001
score_sa,LightGBM,,,,,,feature_importance,bit_92,92.0,21.0,0.00175
score_sa,LightGBM,,,,,,feature_importance,bit_93,93.0,69.0,0.00575
score_sa,LightGBM,,,,,,feature_importance,bit_94,94.0,98.0,0.008166666666666666
score_sa,LightGBM,,,,,,feature_importance,bit_95,95.0,140.0,0.011666666666666667
score_sa,LightGBM,,,,,,feature_importance,bit_96,96.0,102.0,0.0085
score_sa,LightGBM,,,,,,feature_importance,bit_97,97.0,27.0,0.00225
score_sa,LightGBM,,,,,,feature_importance,bit_98,98.0,134.0,0.011166666666666667
score_sa,LightGBM,,,,,,feature_importance,bit_99,99.0,106.0,0.008833333333333334
score_sa,LightGBM,,,,,,feature_importance,bit_100,100.0,4.0,0.0003333333333333333
score_sa,LightGBM,,,,,,feature_importance,bit_101,101.0,88.0,0.007333333333333333
score_sa,LightGBM,,,,,,feature_importance,bit_102,102.0,78.0,0.0065
score_sa,LightGBM,,,,,,feature_importance,bit_103,103.0,121.0,0.010083333333333333
score_sa,LightGBM,,,,,,feature_importance,bit_104,104.0,188.0,0.015666666666666666
score_sa,LightGBM,,,,,,feature_importance,bit_105,105.0,169.0,0.014083333333333333
score_sa,LightGBM,,,,,,feature_importance,bit_106,106.0,89.0,0.007416666666666667
score_sa,LightGBM,,,,,,feature_importance,bit_107,107.0,99.0,0.00825
score_sa,LightGBM,,,,,,feature_importance,bit_108,108.0,38.0,0.0031666666666666666
score_sa,LightGBM,,,,,,feature_importance,bit_109,109.0,87.0,0.00725
score_sa,LightGBM,,,,,,feature_importance,bit_110,110.0,112.0,0.009333333333333334
score_sa,LightGBM,,,,,,feature_importance,bit_111,111.0,92.0,0.007666666666666666
score_sa,LightGBM,,,,,,feature_importance,bit_112,112.0,82.0,0.006833333333333334
score_sa,LightGBM,,,,,,feature_importance,bit_113,113.0,114.0,0.0095
score_sa,LightGBM,,,,,,feature_importance,bit_114,114.0,96.0,0.008
score_sa,LightGBM,,,,,,feature_importance,bit_115,115.0,27.0,0.00225
score_sa,LightGBM,,,,,,feature_importance,bit_116,116.0,73.0,0.006083333333333333
score_sa,LightGBM,,,,,,feature_importance,bit_117,117.0,184.0,0.015333333333333332
score_sa,LightGBM,,,,,,feature_importance,bit_118,118.0,35.0,0.002916666666666667
score_sa,LightGBM,,,,,,feature_importance,bit_119,119.0,278.0,0.023166666666666665
score_sa,LightGBM,,,,,,feature_importance,bit_120,120.0,40.0,0.0033333333333333335
score_sa,LightGBM,,,,,,feature_importance,bit_121,121.0,64.0,0.005333333333333333
score_sa,LightGBM,,,,,,feature_importance,bit_122,122.0,190.0,0.015833333333333335
score_sa,LightGBM,,,,,,feature_importance,bit_123,123.0,260.0,0.021666666666666667
score_sa,LightGBM,,,,,,feature_importance,bit_124,124.0,96.0,0.008
score_sa,LightGBM,,,,,,feature_importance,bit_125,125.0,52.0,0.004333333333333333
score_sa,LightGBM,,,,,,feature_importance,bit_126,126.0,39.0,0.00325
score_sa,LightGBM,,,,,,feature_importance,bit_127,127.0,131.0,0.010916666666666667
score_logp,LightGBM,24000.0,6000.0,0.6820160358396004,0.014668716900971488,0.018680611999291274,,,,,
score_logp,LightGBM,,,,,,feature_importance,bit_0,0.0,42.0,0.0035
score_logp,LightGBM,,,,,,feature_importance,bit_1,1.0,50.0,0.004166666666666667
score_logp,LightGBM,,,,,,feature_importance,bit_2,2.0,104.0,0.008666666666666666
score_logp,LightGBM,,,,,,feature_importance,bit_3,3.0,74.0,0.006166666666666667
score_logp,LightGBM,,,,,,feature_importance,bit_4,4.0,121.0,0.010083333333333333
score_logp,LightGBM,,,,,,feature_importance,bit_5,5.0,46.0,0.003833333333333333
score_logp,LightGBM,,,,,,feature_importance,bit_6,6.0,137.0,0.011416666666666667
score_logp,LightGBM,,,,,,feature_importance,bit_7,7.0,11.0,0.0009166666666666666
score_logp,LightGBM,,,,,,feature_importance,bit_8,8.0,122.0,0.010166666666666666
score_logp,LightGBM,,,,,,feature_importance,bit_9,9.0,100.0,0.008333333333333333
score_logp,LightGBM,,,,,,feature_importance,bit_10,10.0,196.0,0.01633333333333333
score_logp,LightGBM,,,,,,feature_importance,bit_11,11.0,44.0,0.0036666666666666666
score_logp,LightGBM,,,,,,feature_importance,bit_12,12.0,36.0,0.003
score_logp,LightGBM,,,,,,feature_importance,bit_13,13.0,189.0,0.01575
score_logp,LightGBM,,,,,,feature_importance,bit_14,14.0,56.0,0.004666666666666667
score_logp,LightGBM,,,,,,feature_importance,bit_15,15.0,77.0,0.006416666666666667
score_logp,LightGBM,,,,,,feature_importance,bit_16,16.0,71.0,0.005916666666666666
score_logp,LightGBM,,,,,,feature_importance,bit_17,17.0,30.0,0.0025
score_logp,LightGBM,,,,,,feature_importance,bit_18,18.0,146.0,0.012166666666666666
score_logp,LightGBM,,,,,,feature_importance,bit_19,19.0,63.0,0.00525
score_logp,LightGBM,,,,,,feature_importance,bit_20,20.0,114.0,0.0095
score_logp,LightGBM,,,,,,feature_importance,bit_21,21.0,45.0,0.00375
score_logp,LightGBM,,,,,,feature_importance,bit_22,22.0,133.0,0.011083333333333334
score_logp,LightGBM,,,,,,feature_importance,bit_23,23.0,120.0,0.01
score_logp,LightGBM,,,,,,feature_importance,bit_24,24.0,62.0,0.005166666666666667
score_logp,LightGBM,,,,,,feature_importance,bit_25,25.0,85.0,0.007083333333333333
score_logp,LightGBM,,,,,,feature_importance,bit_26,26.0,144.0,0.012
score_logp,LightGBM,,,,,,feature_importance,bit_27,27.0,119.0,0.009916666666666667
score_logp,LightGBM,,,,,,feature_importance,bit_28,28.0,111.0,0.00925
score_logp,LightGBM,,,,,,feature_importance,bit_29,29.0,69.0,0.00575
score_logp,LightGBM,,,,,,feature_importance,bit_30,30.0,77.0,0.006416666666666667
score_logp,LightGBM,,,,,,feature_importance,bit_31,31.0,126.0,0.0105
score_logp,LightGBM,,,,,,feature_importance,bit_32,32.0,55.0,0.004583333333333333
score_logp,LightGBM,,,,,,feature_importance,bit_33,33.0,212.0,0.017666666666666667
score_logp,LightGBM,,,,,,feature_importance,bit_34,34.0,111.0,0.00925
score_logp,LightGBM,,,,,,feature_importance,bit_35,35.0,81.0,0.00675
score_logp,LightGBM,,,,,,feature_importance,bit_36,36.0,64.0,0.005333333333333333
score_logp,LightGBM,,,,,,feature_importance,bit_37,37.0,85.0,0.007083333333333333
score_logp,LightGBM,,,,,,feature_importance,bit_38,38.0,99.0,0.00825
score_logp,LightGBM,,,,,,feature_importance,bit_39,39.0,77.0,0.006416666666666667
score_logp,LightGBM,,,,,,feature_importance,bit_40,40.0,33.0,0.00275
score_logp,LightGBM,,,,,,feature_importance,bit_41,41.0,133.0,0.011083333333333334
score_logp,LightGBM,,,,,,feature_importance,bit_42,42.0,85.0,0.007083333333333333
score_logp,LightGBM,,,,,,feature_importance,bit_43,43.0,184.0,0.015333333333333332
score_logp,LightGBM,,,,,,feature_importance,bit_44,44.0,39.0,0.00325
score_logp,LightGBM,,,,,,feature_importance,bit_45,45.0,40.0,0.0033333333333333335
score_logp,LightGBM,,,,,,feature_importance,bit_46,46.0,19.0,0.0015833333333333333
score_logp,LightGBM,,,,,,feature_importance,bit_47,47.0,73.0,0.006083333333333333
score_logp,LightGBM,,,,,,feature_importance,bit_48,48.0,12.0,0.001
score_logp,LightGBM,,,,,,feature_importance,bit_49,49.0,29.0,0.002416666666666667
score_logp,LightGBM,,,,,,feature_importance,bit_50,50.0,176.0,0.014666666666666666
score_logp,LightGBM,,,,,,feature_importance,bit_51,51.0,77.0,0.006416666666666667
score_logp,LightGBM,,,,,,feature_importance,bit_52,52.0,67.0,0.005583333333333333
score_logp,LightGBM,,,,,,feature_importance,bit_53,53.0,133.0,0.011083333333333334
score_logp,LightGBM,,,,,,feature_importance,bit_54,54.0,68.0,0.005666666666666667
score_logp,LightGBM,,,,,,feature_importance,bit_55,55.0,95.0,0.007916666666666667
score_logp,LightGBM,,,,,,feature_importance,bit_56,56.0,49.0,0.004083333333333333
score_logp,LightGBM,,,,,,feature_importance,bit_57,57.0,39.0,0.00325
score_logp,LightGBM,,,,,,feature_importance,bit_58,58.0,69.0,0.00575
score_logp,LightGBM,,,,,,feature_importance,bit_59,59.0,30.0,0.0025
score_logp,LightGBM,,,,,,feature_importance,bit_60,60.0,109.0,0.009083333333333334
score_logp,LightGBM,,,,,,feature_importance,bit_61,61.0,84.0,0.007
score_logp,LightGBM,,,,,,feature_importance,bit_62,62.0,46.0,0.003833333333333333
score_logp,LightGBM,,,,,,feature_importance,bit_63,63.0,4.0,0.0003333333333333333
score_logp,LightGBM,,,,,,feature_importance,bit_64,64.0,153.0,0.01275
score_logp,LightGBM,,,,,,feature_importance,bit_65,65.0,111.0,0.00925
score_logp,LightGBM,,,,,,feature_importance,bit_66,66.0,81.0,0.00675
score_logp,LightGBM,,,,,,feature_importance,bit_67,67.0,59.0,0.004916666666666666
score_logp,LightGBM,,,,,,feature_importance,bit_68,68.0,47.0,0.003916666666666666
score_logp,LightGBM,,,,,,feature_importance,bit_69,69.0,103.0,0.008583333333333333
score_logp,LightGBM,,,,,,feature_importance,bit_70,70.0,145.0,0.012083333333333333
score_logp,LightGBM,,,,,,feature_importance,bit_71,71.0,128.0,0.010666666666666666
score_logp,LightGBM,,,,,,feature_importance,bit_72,72.0,124.0,0.010333333333333333
score_logp,LightGBM,,,,,,feature_importance,bit_73,73.0,204.0,0.017
score_logp,LightGBM,,,,,,feature_importance,bit_74,74.0,107.0,0.008916666666666666
score_logp,LightGBM,,,,,,feature_importance,bit_75,75.0,61.0,0.005083333333333333
score_logp,LightGBM,,,,,,feature_importance,bit_76,76.0,49.0,0.004083333333333333
score_logp,LightGBM,,,,,,feature_importance,bit_77,77.0,34.0,0.0028333333333333335
score_logp,LightGBM,,,,,,feature_importance,bit_78,78.0,58.0,0.004833333333333334
score_logp,LightGBM,,,,,,feature_importance,bit_79,79.0,105.0,0.00875
score_logp,LightGBM,,,,,,feature_importance,bit_80,80.0,0.0,0.0
score_logp,LightGBM,,,,,,feature_importance,bit_81,81.0,163.0,0.013583333333333333
score_logp,LightGBM,,,,,,feature_importance,bit_82,82.0,120.0,0.01
score_logp,LightGBM,,,,,,feature_importance,bit_83,83.0,258.0,0.0215
score_logp,LightGBM,,,,,,feature_importance,bit_84,84.0,43.0,0.0035833333333333333
score_logp,LightGBM,,,,,,feature_importance,bit_85,85.0,180.0,0.015
score_logp,LightGBM,,,,,,feature_importance,bit_86,86.0,53.0,0.004416666666666667
score_logp,LightGBM,,,,,,feature_importance,bit_87,87.0,50.0,0.004166666666666667
score_logp,LightGBM,,,,,,feature_importance,bit_88,88.0,178.0,0.014833333333333334
score_logp,LightGBM,,,,,,feature_importance,bit_89,89.0,95.0,0.007916666666666667
score_logp,LightGBM,,,,,,feature_importance,bit_90,90.0,148.0,0.012333333333333333
score_logp,LightGBM,,,,,,feature_importance,bit_91,91.0,51.0,0.00425
score_logp,LightGBM,,,,,,feature_importance,bit_92,92.0,89.0,0.007416666666666667
score_logp,LightGBM,,,,,,feature_importance,bit_93,93.0,56.0,0.004666666666666667
score_logp,LightGBM,,,,,,feature_importance,bit_94,94.0,100.0,0.008333333333333333
score_logp,LightGBM,,,,,,feature_importance,bit_95,95.0,113.0,0.009416666666666667
score_logp,LightGBM,,,,,,feature_importance,bit_96,96.0,174.0,0.0145
score_logp,LightGBM,,,,,,feature_importance,bit_97,97.0,28.0,0.0023333333333333335
score_logp,LightGBM,,,,,,feature_importance,bit_98,98.0,187.0,0.015583333333333333
score_logp,LightGBM,,,,,,feature_importance,bit_99,99.0,115.0,0.009583333333333333
score_logp,LightGBM,,,,,,feature_importance,bit_100,100.0,20.0,0.0016666666666666668
score_logp,LightGBM,,,,,,feature_importance,bit_101,101.0,76.0,0.006333333333333333
score_logp,LightGBM,,,,,,feature_importance,bit_102,102.0,81.0,0.00675
score_logp,LightGBM,,,,,,feature_importance,bit_103,103.0,116.0,0.009666666666666667
score_logp,LightGBM,,,,,,feature_importance,bit_104,104.0,133.0,0.011083333333333334
score_logp,LightGBM,,,,,,feature_importance,bit_105,105.0,161.0,0.013416666666666667
score_logp,LightGBM,,,,,,feature_importance,bit_106,106.0,109.0,0.009083333333333334
score_logp,LightGBM,,,,,,feature_importance,bit_107,107.0,120.0,0.01
score_logp,LightGBM,,,,,,feature_importance,bit_108,108.0,62.0,0.005166666666666667
score_logp,LightGBM,,,,,,feature_importance,bit_109,109.0,81.0,0.00675
score_logp,LightGBM,,,,,,feature_importance,bit_110,110.0,87.0,0.00725
score_logp,LightGBM,,,,,,feature_importance,bit_111,111.0,109.0,0.009083333333333334
score_logp,LightGBM,,,,,,feature_importance,bit_112,112.0,107.0,0.008916666666666666
score_logp,LightGBM,,,,,,feature_importance,bit_113,113.0,68.0,0.005666666666666667
score_logp,LightGBM,,,,,,feature_importance,bit_114,114.0,17.0,0.0014166666666666668
score_logp,LightGBM,,,,,,feature_importance,bit_115,115.0,100.0,0.008333333333333333
score_logp,LightGBM,,,,,,feature_importance,bit_116,116.0,77.0,0.006416666666666667
score_logp,LightGBM,,,,,,feature_importance,bit_117,117.0,150.0,0.0125
score_logp,LightGBM,,,,,,feature_importance,bit_118,118.0,48.0,0.004
score_logp,LightGBM,,,,,,feature_importance,bit_119,119.0,254.0,0.021166666666666667
score_logp,LightGBM,,,,,,feature_importance,bit_120,120.0,60.0,0.005
score_logp,LightGBM,,,,,,feature_importance,bit_121,121.0,94.0,0.007833333333333333
score_logp,LightGBM,,,,,,feature_importance,bit_122,122.0,177.0,0.01475
score_logp,LightGBM,,,,,,feature_importance,bit_123,123.0,203.0,0.016916666666666667
score_logp,LightGBM,,,,,,feature_importance,bit_124,124.0,68.0,0.005666666666666667
score_logp,LightGBM,,,,,,feature_importance,bit_125,125.0,27.0,0.00225
score_logp,LightGBM,,,,,,feature_importance,bit_126,126.0,72.0,0.006
score_logp,LightGBM,,,,,,feature_importance,bit_127,127.0,156.0,0.013
score_ro5,LightGBM,24000.0,6000.0,-2882303740042279.5,1.4901161138336505e-09,1.4901161138336503e-09,,,,,
score_ro5,LightGBM,,,,,,feature_importance,bit_0,0.0,0.0,0.0
score_ro5,LightGBM,,,,,,feature_importance,bit_1,1.0,0.0,0.0
score_ro5,LightGBM,,,,,,feature_importance,bit_2,2.0,0.0,0.0
score_ro5,LightGBM,,,,,,feature_importance,bit_3,3.0,0.0,0.0
score_ro5,LightGBM,,,,,,feature_importance,bit_4,4.0,0.0,0.0
score_ro5,LightGBM,,,,,,feature_importance,bit_5,5.0,0.0,0.0
score_ro5,LightGBM,,,,,,feature_importance,bit_6,6.0,0.0,0.0
score_ro5,LightGBM,,,,,,feature_importance,bit_7,7.0,0.0,0.0
score_ro5,LightGBM,,,,,,feature_importance,bit_8,8.0,0.0,0.0
score_ro5,LightGBM,,,,,,feature_importance,bit_9,9.0,0.0,0.0
score_ro5,LightGBM,,,,,,feature_importance,bit_10,10.0,0.0,0.0
score_ro5,LightGBM,,,,,,feature_importance,bit_11,11.0,0.0,0.0
score_ro5,LightGBM,,,,,,feature_importance,bit_12,12.0,0.0,0.0
score_ro5,LightGBM,,,,,,feature_importance,bit_13,13.0,0.0,0.0
score_ro5,LightGBM,,,,,,feature_importance,bit_14,14.0,0.0,0.0
score_ro5,LightGBM,,,,,,feature_importance,bit_15,15.0,0.0,0.0
score_ro5,LightGBM,,,,,,feature_importance,bit_16,16.0,0.0,0.0
score_ro5,LightGBM,,,,,,feature_importance,bit_17,17.0,0.0,0.0
score_ro5,LightGBM,,,,,,feature_importance,bit_18,18.0,0.0,0.0
score_ro5,LightGBM,,,,,,feature_importance,bit_19,19.0,0.0,0.0
score_ro5,LightGBM,,,,,,feature_importance,bit_20,20.0,0.0,0.0
score_ro5,LightGBM,,,,,,feature_importance,bit_21,21.0,0.0,0.0
score_ro5,LightGBM,,,,,,feature_importance,bit_22,22.0,0.0,0.0
score_ro5,LightGBM,,,,,,feature_importance,bit_23,23.0,0.0,0.0
score_ro5,LightGBM,,,,,,feature_importance,bit_24,24.0,0.0,0.0
score_ro5,LightGBM,,,,,,feature_importance,bit_25,25.0,0.0,0.0
score_ro5,LightGBM,,,,,,feature_importance,bit_26,26.0,0.0,0.0
score_ro5,LightGBM,,,,,,feature_importance,bit_27,27.0,0.0,0.0
score_ro5,LightGBM,,,,,,feature_importance,bit_28,28.0,0.0,0.0
score_ro5,LightGBM,,,,,,feature_importance,bit_29,29.0,0.0,0.0
score_ro5,LightGBM,,,,,,feature_importance,bit_30,30.0,0.0,0.0
score_ro5,LightGBM,,,,,,feature_importance,bit_31,31.0,0.0,0.0
score_ro5,LightGBM,,,,,,feature_importance,bit_32,32.0,0.0,0.0
score_ro5,LightGBM,,,,,,feature_importance,bit_33,33.0,0.0,0.0
score_ro5,LightGBM,,,,,,feature_importance,bit_34,34.0,0.0,0.0
score_ro5,LightGBM,,,,,,feature_importance,bit_35,35.0,0.0,0.0
score_ro5,LightGBM,,,,,,feature_importance,bit_36,36.0,0.0,0.0
score_ro5,LightGBM,,,,,,feature_importance,bit_37,37.0,0.0,0.0
score_ro5,LightGBM,,,,,,feature_importance,bit_38,38.0,0.0,0.0
score_ro5,LightGBM,,,,,,feature_importance,bit_39,39.0,0.0,0.0
score_ro5,LightGBM,,,,,,feature_importance,bit_40,40.0,0.0,0.0
score_ro5,LightGBM,,,,,,feature_importance,bit_41,41.0,0.0,0.0
score_ro5,LightGBM,,,,,,feature_importance,bit_42,42.0,0.0,0.0
score_ro5,LightGBM,,,,,,feature_importance,bit_43,43.0,0.0,0.0
score_ro5,LightGBM,,,,,,feature_importance,bit_44,44.0,0.0,0.0
score_ro5,LightGBM,,,,,,feature_importance,bit_45,45.0,0.0,0.0
score_ro5,LightGBM,,,,,,feature_importance,bit_46,46.0,0.0,0.0
score_ro5,LightGBM,,,,,,feature_importance,bit_47,47.0,0.0,0.0
score_ro5,LightGBM,,,,,,feature_importance,bit_48,48.0,0.0,0.0
score_ro5,LightGBM,,,,,,feature_importance,bit_49,49.0,0.0,0.0
score_ro5,LightGBM,,,,,,feature_importance,bit_50,50.0,0.0,0.0
score_ro5,LightGBM,,,,,,feature_importance,bit_51,51.0,0.0,0.0
score_ro5,LightGBM,,,,,,feature_importance,bit_52,52.0,0.0,0.0
score_ro5,LightGBM,,,,,,feature_importance,bit_53,53.0,0.0,0.0
score_ro5,LightGBM,,,,,,feature_importance,bit_54,54.0,0.0,0.0
score_ro5,LightGBM,,,,,,feature_importance,bit_55,55.0,0.0,0.0
score_ro5,LightGBM,,,,,,feature_importance,bit_56,56.0,0.0,0.0
score_ro5,LightGBM,,,,,,feature_importance,bit_57,57.0,0.0,0.0
score_ro5,LightGBM,,,,,,feature_importance,bit_58,58.0,0.0,0.0
score_ro5,LightGBM,,,,,,feature_importance,bit_59,59.0,0.0,0.0
score_ro5,LightGBM,,,,,,feature_importance,bit_60,60.0,0.0,0.0
score_ro5,LightGBM,,,,,,feature_importance,bit_61,61.0,0.0,0.0
score_ro5,LightGBM,,,,,,feature_importance,bit_62,62.0,0.0,0.0
score_ro5,LightGBM,,,,,,feature_importance,bit_63,63.0,0.0,0.0
score_ro5,LightGBM,,,,,,feature_importance,bit_64,64.0,0.0,0.0
score_ro5,LightGBM,,,,,,feature_importance,bit_65,65.0,0.0,0.0
score_ro5,LightGBM,,,,,,feature_importance,bit_66,66.0,0.0,0.0
score_ro5,LightGBM,,,,,,feature_importance,bit_67,67.0,0.0,0.0
score_ro5,LightGBM,,,,,,feature_importance,bit_68,68.0,0.0,0.0
score_ro5,LightGBM,,,,,,feature_importance,bit_69,69.0,0.0,0.0
score_ro5,LightGBM,,,,,,feature_importance,bit_70,70.0,0.0,0.0
score_ro5,LightGBM,,,,,,feature_importance,bit_71,71.0,0.0,0.0
score_ro5,LightGBM,,,,,,feature_importance,bit_72,72.0,0.0,0.0
score_ro5,LightGBM,,,,,,feature_importance,bit_73,73.0,0.0,0.0
score_ro5,LightGBM,,,,,,feature_importance,bit_74,74.0,0.0,0.0
score_ro5,LightGBM,,,,,,feature_importance,bit_75,75.0,0.0,0.0
score_ro5,LightGBM,,,,,,feature_importance,bit_76,76.0,0.0,0.0
score_ro5,LightGBM,,,,,,feature_importance,bit_77,77.0,0.0,0.0
score_ro5,LightGBM,,,,,,feature_importance,bit_78,78.0,0.0,0.0
score_ro5,LightGBM,,,,,,feature_importance,bit_79,79.0,0.0,0.0
score_ro5,LightGBM,,,,,,feature_importance,bit_80,80.0,0.0,0.0
score_ro5,LightGBM,,,,,,feature_importance,bit_81,81.0,0.0,0.0
score_ro5,LightGBM,,,,,,feature_importance,bit_82,82.0,0.0,0.0
score_ro5,LightGBM,,,,,,feature_importance,bit_83,83.0,0.0,0.0
score_ro5,LightGBM,,,,,,feature_importance,bit_84,84.0,0.0,0.0
score_ro5,LightGBM,,,,,,feature_importance,bit_85,85.0,0.0,0.0
score_ro5,LightGBM,,,,,,feature_importance,bit_86,86.0,0.0,0.0
score_ro5,LightGBM,,,,,,feature_importance,bit_87,87.0,0.0,0.0
score_ro5,LightGBM,,,,,,feature_importance,bit_88,88.0,0.0,0.0
score_ro5,LightGBM,,,,,,feature_importance,bit_89,89.0,0.0,0.0
score_ro5,LightGBM,,,,,,feature_importance,bit_90,90.0,0.0,0.0
score_ro5,LightGBM,,,,,,feature_importance,bit_91,91.0,0.0,0.0
score_ro5,LightGBM,,,,,,feature_importance,bit_92,92.0,0.0,0.0
score_ro5,LightGBM,,,,,,feature_importance,bit_93,93.0,0.0,0.0
score_ro5,LightGBM,,,,,,feature_importance,bit_94,94.0,0.0,0.0
score_ro5,LightGBM,,,,,,feature_importance,bit_95,95.0,0.0,0.0
score_ro5,LightGBM,,,,,,feature_importance,bit_96,96.0,0.0,0.0
score_ro5,LightGBM,,,,,,feature_importance,bit_97,97.0,0.0,0.0
score_ro5,LightGBM,,,,,,feature_importance,bit_98,98.0,0.0,0.0
score_ro5,LightGBM,,,,,,feature_importance,bit_99,99.0,0.0,0.0
score_ro5,LightGBM,,,,,,feature_importance,bit_100,100.0,0.0,0.0
score_ro5,LightGBM,,,,,,feature_importance,bit_101,101.0,0.0,0.0
score_ro5,LightGBM,,,,,,feature_importance,bit_102,102.0,0.0,0.0
score_ro5,LightGBM,,,,,,feature_importance,bit_103,103.0,0.0,0.0
score_ro5,LightGBM,,,,,,feature_importance,bit_104,104.0,0.0,0.0
score_ro5,LightGBM,,,,,,feature_importance,bit_105,105.0,0.0,0.0
score_ro5,LightGBM,,,,,,feature_importance,bit_106,106.0,0.0,0.0
score_ro5,LightGBM,,,,,,feature_importance,bit_107,107.0,0.0,0.0
score_ro5,LightGBM,,,,,,feature_importance,bit_108,108.0,0.0,0.0
score_ro5,LightGBM,,,,,,feature_importance,bit_109,109.0,0.0,0.0
score_ro5,LightGBM,,,,,,feature_importance,bit_110,110.0,0.0,0.0
score_ro5,LightGBM,,,,,,feature_importance,bit_111,111.0,0.0,0.0
score_ro5,LightGBM,,,,,,feature_importance,bit_112,112.0,0.0,0.0
score_ro5,LightGBM,,,,,,feature_importance,bit_113,113.0,0.0,0.0
score_ro5,LightGBM,,,,,,feature_importance,bit_114,114.0,0.0,0.0
score_ro5,LightGBM,,,,,,feature_importance,bit_115,115.0,0.0,0.0
score_ro5,LightGBM,,,,,,feature_importance,bit_116,116.0,0.0,0.0
score_ro5,LightGBM,,,,,,feature_importance,bit_117,117.0,0.0,0.0
score_ro5,LightGBM,,,,,,feature_importance,bit_118,118.0,0.0,0.0
score_ro5,LightGBM,,,,,,feature_importance,bit_119,119.0,0.0,0.0
score_ro5,LightGBM,,,,,,feature_importance,bit_120,120.0,0.0,0.0
score_ro5,LightGBM,,,,,,feature_importance,bit_121,121.0,0.0,0.0
score_ro5,LightGBM,,,,,,feature_importance,bit_122,122.0,0.0,0.0
score_ro5,LightGBM,,,,,,feature_importance,bit_123,123.0,0.0,0.0
score_ro5,LightGBM,,,,,,feature_importance,bit_124,124.0,0.0,0.0
score_ro5,LightGBM,,,,,,feature_importance,bit_125,125.0,0.0,0.0
score_ro5,LightGBM,,,,,,feature_importance,bit_126,126.0,0.0,0.0
score_ro5,LightGBM,,,,,,feature_importance,bit_127,127.0,0.0,0.0
